2026-09-21 19:21:49,490 [BombeRLeWorld] INFO: Initializing game world
2026-09-21 19:21:51,178 [BombeRLeWorld] INFO: STARTING ROUND #1
2026-09-21 19:21:51,192 [BombeRLeWorld] INFO: STARTING STEP 1
2026-09-21 19:21:51,484 [BombeRLeWorld] INFO: Agent <rule_based_agent_1> chose action DOWN in 0.00s.
2026-09-21 19:21:51,484 [BombeRLeWorld] INFO: Agent <rule_based_agent_1> stayed within acceptable think time.
2026-09-21 19:21:51,484 [BombeRLeWorld] INFO: Agent <rule_based_agent_0> chose action RIGHT in 0.00s.
2026-09-21 19:21:51,484 [BombeRLeWorld] INFO: Agent <rule_based_agent_0> stayed within acceptable think time.
2026-09-21 19:21:51,484 [BombeRLeWorld] INFO: Agent <qwm_agent> chose action UP in 0.29s.
2026-09-21 19:21:51,484 [BombeRLeWorld] INFO: Agent <qwm_agent> stayed within acceptable think time.
2026-09-21 19:21:51,492 [BombeRLeWorld] INFO: STARTING STEP 2
2026-09-21 19:21:51,504 [BombeRLeWorld] INFO: Agent <rule_based_agent_0> chose action RIGHT in 0.00s.
2026-09-21 19:21:51,505 [BombeRLeWorld] INFO: Agent <rule_based_agent_0> stayed within acceptable think time.
2026-09-21 19:21:51,505 [BombeRLeWorld] INFO: Agent <qwm_agent> chose action BOMB in 0.01s.
2026-09-21 19:21:51,505 [BombeRLeWorld] INFO: Agent <qwm_agent> stayed within acceptable think time.
2026-09-21 19:21:51,505 [BombeRLeWorld] INFO: Agent <qwm_agent> drops bomb at (15, 14)
2026-09-21 19:21:51,505 [BombeRLeWorld] INFO: Agent <rule_based_agent_1> chose action BOMB in 0.00s.
2026-09-21 19:21:51,505 [BombeRLeWorld] INFO: Agent <rule_based_agent_1> stayed within acceptable think time.
2026-09-21 19:21:51,505 [BombeRLeWorld] INFO: Agent <rule_based_agent_1> drops bomb at (15, 2)
2026-09-21 19:21:51,591 [BombeRLeWorld] INFO: STARTING STEP 3
2026-09-21 19:21:51,606 [BombeRLeWorld] INFO: Agent <qwm_agent> chose action DOWN in 0.01s.
2026-09-21 19:21:51,606 [BombeRLeWorld] INFO: Agent <qwm_agent> stayed within acceptable think time.
2026-09-21 19:21:51,606 [BombeRLeWorld] INFO: Agent <rule_based_agent_0> chose action BOMB in 0.00s.
2026-09-21 19:21:51,606 [BombeRLeWorld] INFO: Agent <rule_based_agent_0> stayed within acceptable think time.
2026-09-21 19:21:51,606 [BombeRLeWorld] INFO: Agent <rule_based_agent_0> drops bomb at (3, 15)
2026-09-21 19:21:51,606 [BombeRLeWorld] INFO: Agent <rule_based_agent_1> chose action UP in 0.00s.
2026-09-21 19:21:51,606 [BombeRLeWorld] INFO: Agent <rule_based_agent_1> stayed within acceptable think time.
2026-09-21 19:21:51,691 [BombeRLeWorld] INFO: STARTING STEP 4
2026-09-21 19:21:51,711 [BombeRLeWorld] INFO: Agent <qwm_agent> chose action LEFT in 0.02s.
2026-09-21 19:21:51,711 [BombeRLeWorld] INFO: Agent <qwm_agent> stayed within acceptable think time.
2026-09-21 19:21:51,711 [BombeRLeWorld] INFO: Agent <rule_based_agent_1> chose action LEFT in 0.00s.
2026-09-21 19:21:51,711 [BombeRLeWorld] INFO: Agent <rule_based_agent_1> stayed within acceptable think time.
2026-09-21 19:21:51,712 [BombeRLeWorld] INFO: Agent <rule_based_agent_0> chose action LEFT in 0.00s.
2026-09-21 19:21:51,712 [BombeRLeWorld] INFO: Agent <rule_based_agent_0> stayed within acceptable think time.
2026-09-21 19:21:51,793 [BombeRLeWorld] INFO: STARTING STEP 5
2026-09-21 19:21:51,809 [BombeRLeWorld] INFO: Agent <qwm_agent> chose action WAIT in 0.02s.
2026-09-21 19:21:51,809 [BombeRLeWorld] INFO: Agent <qwm_agent> stayed within acceptable think time.
2026-09-21 19:21:51,809 [BombeRLeWorld] INFO: Agent <rule_based_agent_0> chose action LEFT in 0.00s.
2026-09-21 19:21:51,809 [BombeRLeWorld] INFO: Agent <rule_based_agent_0> stayed within acceptable think time.
2026-09-21 19:21:51,809 [BombeRLeWorld] INFO: Agent <rule_based_agent_1> chose action RIGHT in 0.00s.
2026-09-21 19:21:51,809 [BombeRLeWorld] INFO: Agent <rule_based_agent_1> stayed within acceptable think time.
2026-09-21 19:21:51,890 [BombeRLeWorld] INFO: STARTING STEP 6
2026-09-21 19:21:51,906 [BombeRLeWorld] INFO: Agent <rule_based_agent_0> chose action UP in 0.00s.
2026-09-21 19:21:51,906 [BombeRLeWorld] INFO: Agent <rule_based_agent_0> stayed within acceptable think time.
2026-09-21 19:21:51,906 [BombeRLeWorld] INFO: Agent <qwm_agent> chose action WAIT in 0.02s.
2026-09-21 19:21:51,906 [BombeRLeWorld] INFO: Agent <qwm_agent> stayed within acceptable think time.
2026-09-21 19:21:51,906 [BombeRLeWorld] INFO: Agent <rule_based_agent_1> chose action LEFT in 0.00s.
2026-09-21 19:21:51,906 [BombeRLeWorld] INFO: Agent <rule_based_agent_1> stayed within acceptable think time.
2026-09-21 19:21:51,906 [BombeRLeWorld] INFO: Agent <qwm_agent>'s bomb at (15, 14) explodes
2026-09-21 19:21:51,906 [BombeRLeWorld] INFO: Agent <rule_based_agent_1>'s bomb at (15, 2) explodes
2026-09-21 19:21:51,995 [BombeRLeWorld] INFO: STARTING STEP 7
2026-09-21 19:21:52,013 [BombeRLeWorld] INFO: Agent <rule_based_agent_0> chose action UP in 0.00s.
2026-09-21 19:21:52,013 [BombeRLeWorld] INFO: Agent <rule_based_agent_0> stayed within acceptable think time.
2026-09-21 19:21:52,013 [BombeRLeWorld] INFO: Agent <rule_based_agent_1> chose action None in 0.00s.
2026-09-21 19:21:52,013 [BombeRLeWorld] INFO: Agent <rule_based_agent_1> stayed within acceptable think time.
2026-09-21 19:21:52,013 [BombeRLeWorld] INFO: Agent <qwm_agent> chose action WAIT in 0.02s.
2026-09-21 19:21:52,013 [BombeRLeWorld] INFO: Agent <qwm_agent> stayed within acceptable think time.
2026-09-21 19:21:52,013 [BombeRLeWorld] INFO: Agent <rule_based_agent_0>'s bomb at (3, 15) explodes
2026-09-21 19:21:52,013 [BombeRLeWorld] INFO: Coin found at (3, 14)
2026-09-21 19:21:52,090 [BombeRLeWorld] INFO: STARTING STEP 8
2026-09-21 19:21:52,104 [BombeRLeWorld] INFO: Agent <qwm_agent> chose action RIGHT in 0.01s.
2026-09-21 19:21:52,104 [BombeRLeWorld] INFO: Agent <qwm_agent> stayed within acceptable think time.
2026-09-21 19:21:52,104 [BombeRLeWorld] INFO: Agent <rule_based_agent_1> chose action RIGHT in 0.00s.
2026-09-21 19:21:52,104 [BombeRLeWorld] INFO: Agent <rule_based_agent_1> stayed within acceptable think time.
2026-09-21 19:21:52,104 [BombeRLeWorld] INFO: Agent <rule_based_agent_0> chose action UP in 0.00s.
2026-09-21 19:21:52,104 [BombeRLeWorld] INFO: Agent <rule_based_agent_0> stayed within acceptable think time.
2026-09-21 19:21:52,192 [BombeRLeWorld] INFO: STARTING STEP 9
2026-09-21 19:21:52,208 [BombeRLeWorld] INFO: Agent <rule_based_agent_0> chose action DOWN in 0.00s.
2026-09-21 19:21:52,208 [BombeRLeWorld] INFO: Agent <rule_based_agent_0> stayed within acceptable think time.
2026-09-21 19:21:52,208 [BombeRLeWorld] INFO: Agent <rule_based_agent_1> chose action LEFT in 0.00s.
2026-09-21 19:21:52,208 [BombeRLeWorld] INFO: Agent <rule_based_agent_1> stayed within acceptable think time.
2026-09-21 19:21:52,208 [BombeRLeWorld] INFO: Agent <qwm_agent> chose action UP in 0.01s.
2026-09-21 19:21:52,208 [BombeRLeWorld] INFO: Agent <qwm_agent> stayed within acceptable think time.
2026-09-21 19:21:52,291 [BombeRLeWorld] INFO: STARTING STEP 10
2026-09-21 19:21:52,306 [BombeRLeWorld] INFO: Agent <rule_based_agent_1> chose action BOMB in 0.00s.
2026-09-21 19:21:52,306 [BombeRLeWorld] INFO: Agent <rule_based_agent_1> stayed within acceptable think time.
2026-09-21 19:21:52,306 [BombeRLeWorld] INFO: Agent <rule_based_agent_1> drops bomb at (14, 1)
2026-09-21 19:21:52,306 [BombeRLeWorld] INFO: Agent <rule_based_agent_0> chose action UP in 0.00s.
2026-09-21 19:21:52,306 [BombeRLeWorld] INFO: Agent <rule_based_agent_0> stayed within acceptable think time.
2026-09-21 19:21:52,306 [BombeRLeWorld] INFO: Agent <qwm_agent> chose action UP in 0.01s.
2026-09-21 19:21:52,307 [BombeRLeWorld] INFO: Agent <qwm_agent> stayed within acceptable think time.
2026-09-21 19:21:52,392 [BombeRLeWorld] INFO: STARTING STEP 11
2026-09-21 19:21:52,406 [BombeRLeWorld] INFO: Agent <rule_based_agent_1> chose action RIGHT in 0.00s.
2026-09-21 19:21:52,406 [BombeRLeWorld] INFO: Agent <rule_based_agent_1> stayed within acceptable think time.
2026-09-21 19:21:52,406 [BombeRLeWorld] INFO: Agent <qwm_agent> chose action UP in 0.01s.
2026-09-21 19:21:52,406 [BombeRLeWorld] INFO: Agent <qwm_agent> stayed within acceptable think time.
2026-09-21 19:21:52,406 [BombeRLeWorld] INFO: Agent <rule_based_agent_0> chose action BOMB in 0.00s.
2026-09-21 19:21:52,406 [BombeRLeWorld] INFO: Agent <rule_based_agent_0> stayed within acceptable think time.
2026-09-21 19:21:52,406 [BombeRLeWorld] INFO: Agent <rule_based_agent_0> drops bomb at (1, 12)
2026-09-21 19:21:52,492 [BombeRLeWorld] INFO: STARTING STEP 12
2026-09-21 19:21:52,509 [BombeRLeWorld] INFO: Agent <rule_based_agent_1> chose action DOWN in 0.00s.
2026-09-21 19:21:52,509 [BombeRLeWorld] INFO: Agent <rule_based_agent_1> stayed within acceptable think time.
2026-09-21 19:21:52,509 [BombeRLeWorld] INFO: Agent <qwm_agent> chose action UP in 0.02s.
2026-09-21 19:21:52,509 [BombeRLeWorld] INFO: Agent <qwm_agent> stayed within acceptable think time.
2026-09-21 19:21:52,509 [BombeRLeWorld] INFO: Agent <rule_based_agent_0> chose action DOWN in 0.00s.
2026-09-21 19:21:52,509 [BombeRLeWorld] INFO: Agent <rule_based_agent_0> stayed within acceptable think time.
2026-09-21 19:21:52,592 [BombeRLeWorld] INFO: STARTING STEP 13
2026-09-21 19:21:52,607 [BombeRLeWorld] INFO: Agent <rule_based_agent_0> chose action DOWN in 0.00s.
2026-09-21 19:21:52,607 [BombeRLeWorld] INFO: Agent <rule_based_agent_0> stayed within acceptable think time.
2026-09-21 19:21:52,607 [BombeRLeWorld] INFO: Agent <qwm_agent> chose action UP in 0.01s.
2026-09-21 19:21:52,607 [BombeRLeWorld] INFO: Agent <qwm_agent> stayed within acceptable think time.
2026-09-21 19:21:52,607 [BombeRLeWorld] INFO: Agent <rule_based_agent_1> chose action DOWN in 0.00s.
2026-09-21 19:21:52,607 [BombeRLeWorld] INFO: Agent <rule_based_agent_1> stayed within acceptable think time.
2026-09-21 19:21:52,690 [BombeRLeWorld] INFO: STARTING STEP 14
2026-09-21 19:21:52,704 [BombeRLeWorld] INFO: Agent <rule_based_agent_1> chose action DOWN in 0.00s.
2026-09-21 19:21:52,704 [BombeRLeWorld] INFO: Agent <rule_based_agent_1> stayed within acceptable think time.
2026-09-21 19:21:52,704 [BombeRLeWorld] INFO: Agent <rule_based_agent_0> chose action DOWN in 0.00s.
2026-09-21 19:21:52,704 [BombeRLeWorld] INFO: Agent <rule_based_agent_0> stayed within acceptable think time.
2026-09-21 19:21:52,704 [BombeRLeWorld] INFO: Agent <qwm_agent> chose action BOMB in 0.01s.
2026-09-21 19:21:52,704 [BombeRLeWorld] INFO: Agent <qwm_agent> stayed within acceptable think time.
2026-09-21 19:21:52,705 [BombeRLeWorld] INFO: Agent <qwm_agent> drops bomb at (15, 10)
2026-09-21 19:21:52,705 [BombeRLeWorld] INFO: Agent <rule_based_agent_1>'s bomb at (14, 1) explodes
2026-09-21 19:21:52,792 [BombeRLeWorld] INFO: STARTING STEP 15
2026-09-21 19:21:52,809 [BombeRLeWorld] INFO: Agent <qwm_agent> chose action DOWN in 0.02s.
2026-09-21 19:21:52,809 [BombeRLeWorld] INFO: Agent <qwm_agent> stayed within acceptable think time.
2026-09-21 19:21:52,809 [BombeRLeWorld] INFO: Agent <rule_based_agent_1> chose action DOWN in 0.00s.
2026-09-21 19:21:52,809 [BombeRLeWorld] INFO: Agent <rule_based_agent_1> stayed within acceptable think time.
2026-09-21 19:21:52,809 [BombeRLeWorld] INFO: Agent <rule_based_agent_0> chose action RIGHT in 0.00s.
2026-09-21 19:21:52,809 [BombeRLeWorld] INFO: Agent <rule_based_agent_0> stayed within acceptable think time.
2026-09-21 19:21:52,809 [BombeRLeWorld] INFO: Agent <rule_based_agent_0>'s bomb at (1, 12) explodes
2026-09-21 19:21:52,890 [BombeRLeWorld] INFO: STARTING STEP 16
2026-09-21 19:21:52,903 [BombeRLeWorld] INFO: Agent <rule_based_agent_1> chose action LEFT in 0.00s.
2026-09-21 19:21:52,903 [BombeRLeWorld] INFO: Agent <rule_based_agent_1> stayed within acceptable think time.
2026-09-21 19:21:52,903 [BombeRLeWorld] INFO: Agent <qwm_agent> chose action DOWN in 0.01s.
2026-09-21 19:21:52,903 [BombeRLeWorld] INFO: Agent <qwm_agent> stayed within acceptable think time.
2026-09-21 19:21:52,903 [BombeRLeWorld] INFO: Agent <rule_based_agent_0> chose action RIGHT in 0.00s.
2026-09-21 19:21:52,904 [BombeRLeWorld] INFO: Agent <rule_based_agent_0> stayed within acceptable think time.
2026-09-21 19:21:52,992 [BombeRLeWorld] INFO: STARTING STEP 17
2026-09-21 19:21:53,008 [BombeRLeWorld] INFO: Agent <rule_based_agent_0> chose action UP in 0.00s.
2026-09-21 19:21:53,008 [BombeRLeWorld] INFO: Agent <rule_based_agent_0> stayed within acceptable think time.
2026-09-21 19:21:53,008 [BombeRLeWorld] INFO: Agent <qwm_agent> chose action DOWN in 0.02s.
2026-09-21 19:21:53,008 [BombeRLeWorld] INFO: Agent <qwm_agent> stayed within acceptable think time.
2026-09-21 19:21:53,008 [BombeRLeWorld] INFO: Agent <rule_based_agent_1> chose action LEFT in 0.00s.
2026-09-21 19:21:53,008 [BombeRLeWorld] INFO: Agent <rule_based_agent_1> stayed within acceptable think time.
2026-09-21 19:21:53,008 [BombeRLeWorld] INFO: Agent <rule_based_agent_0> picked up coin at (3, 14) and receives 1 point
2026-09-21 19:21:53,093 [BombeRLeWorld] INFO: STARTING STEP 18
2026-09-21 19:21:53,108 [BombeRLeWorld] INFO: Agent <rule_based_agent_0> chose action DOWN in 0.00s.
2026-09-21 19:21:53,108 [BombeRLeWorld] INFO: Agent <rule_based_agent_0> stayed within acceptable think time.
2026-09-21 19:21:53,108 [BombeRLeWorld] INFO: Agent <qwm_agent> chose action DOWN in 0.01s.
2026-09-21 19:21:53,108 [BombeRLeWorld] INFO: Agent <qwm_agent> stayed within acceptable think time.
2026-09-21 19:21:53,108 [BombeRLeWorld] INFO: Agent <rule_based_agent_1> chose action UP in 0.00s.
2026-09-21 19:21:53,108 [BombeRLeWorld] INFO: Agent <rule_based_agent_1> stayed within acceptable think time.
2026-09-21 19:21:53,108 [BombeRLeWorld] INFO: Agent <qwm_agent>'s bomb at (15, 10) explodes
2026-09-21 19:21:53,108 [BombeRLeWorld] INFO: Coin found at (15, 8)
2026-09-21 19:21:53,192 [BombeRLeWorld] INFO: STARTING STEP 19
2026-09-21 19:21:53,208 [BombeRLeWorld] INFO: Agent <rule_based_agent_0> chose action RIGHT in 0.00s.
2026-09-21 19:21:53,208 [BombeRLeWorld] INFO: Agent <rule_based_agent_0> stayed within acceptable think time.
2026-09-21 19:21:53,208 [BombeRLeWorld] INFO: Agent <qwm_agent> chose action DOWN in 0.02s.
2026-09-21 19:21:53,208 [BombeRLeWorld] INFO: Agent <qwm_agent> stayed within acceptable think time.
2026-09-21 19:21:53,208 [BombeRLeWorld] INFO: Agent <rule_based_agent_1> chose action BOMB in 0.00s.
2026-09-21 19:21:53,208 [BombeRLeWorld] INFO: Agent <rule_based_agent_1> stayed within acceptable think time.
2026-09-21 19:21:53,208 [BombeRLeWorld] INFO: Agent <rule_based_agent_1> drops bomb at (13, 4)
2026-09-21 19:21:53,292 [BombeRLeWorld] INFO: STARTING STEP 20
2026-09-21 19:21:53,307 [BombeRLeWorld] INFO: Agent <qwm_agent> chose action LEFT in 0.01s.
2026-09-21 19:21:53,307 [BombeRLeWorld] INFO: Agent <qwm_agent> stayed within acceptable think time.
2026-09-21 19:21:53,307 [BombeRLeWorld] INFO: Agent <rule_based_agent_1> chose action DOWN in 0.00s.
2026-09-21 19:21:53,307 [BombeRLeWorld] INFO: Agent <rule_based_agent_1> stayed within acceptable think time.
2026-09-21 19:21:53,307 [BombeRLeWorld] INFO: Agent <rule_based_agent_0> chose action RIGHT in 0.00s.
2026-09-21 19:21:53,307 [BombeRLeWorld] INFO: Agent <rule_based_agent_0> stayed within acceptable think time.
2026-09-21 19:21:53,392 [BombeRLeWorld] INFO: STARTING STEP 21
2026-09-21 19:21:53,408 [BombeRLeWorld] INFO: Agent <rule_based_agent_0> chose action UP in 0.00s.
2026-09-21 19:21:53,408 [BombeRLeWorld] INFO: Agent <rule_based_agent_0> stayed within acceptable think time.
2026-09-21 19:21:53,408 [BombeRLeWorld] INFO: Agent <rule_based_agent_1> chose action RIGHT in 0.00s.
2026-09-21 19:21:53,408 [BombeRLeWorld] INFO: Agent <rule_based_agent_1> stayed within acceptable think time.
2026-09-21 19:21:53,408 [BombeRLeWorld] INFO: Agent <qwm_agent> chose action BOMB in 0.01s.
2026-09-21 19:21:53,408 [BombeRLeWorld] INFO: Agent <qwm_agent> stayed within acceptable think time.
2026-09-21 19:21:53,408 [BombeRLeWorld] INFO: Agent <qwm_agent> drops bomb at (14, 15)
2026-09-21 19:21:53,492 [BombeRLeWorld] INFO: STARTING STEP 22
2026-09-21 19:21:53,509 [BombeRLeWorld] INFO: Agent <rule_based_agent_0> chose action BOMB in 0.00s.
2026-09-21 19:21:53,509 [BombeRLeWorld] INFO: Agent <rule_based_agent_0> stayed within acceptable think time.
2026-09-21 19:21:53,509 [BombeRLeWorld] INFO: Agent <rule_based_agent_0> drops bomb at (5, 14)
2026-09-21 19:21:53,509 [BombeRLeWorld] INFO: Agent <rule_based_agent_1> chose action RIGHT in 0.00s.
2026-09-21 19:21:53,509 [BombeRLeWorld] INFO: Agent <rule_based_agent_1> stayed within acceptable think time.
2026-09-21 19:21:53,509 [BombeRLeWorld] INFO: Agent <qwm_agent> chose action RIGHT in 0.01s.
2026-09-21 19:21:53,509 [BombeRLeWorld] INFO: Agent <qwm_agent> stayed within acceptable think time.
2026-09-21 19:21:53,592 [BombeRLeWorld] INFO: STARTING STEP 23
2026-09-21 19:21:53,608 [BombeRLeWorld] INFO: Agent <qwm_agent> chose action UP in 0.01s.
2026-09-21 19:21:53,608 [BombeRLeWorld] INFO: Agent <qwm_agent> stayed within acceptable think time.
2026-09-21 19:21:53,608 [BombeRLeWorld] INFO: Agent <rule_based_agent_0> chose action DOWN in 0.00s.
2026-09-21 19:21:53,608 [BombeRLeWorld] INFO: Agent <rule_based_agent_0> stayed within acceptable think time.
2026-09-21 19:21:53,608 [BombeRLeWorld] INFO: Agent <rule_based_agent_1> chose action LEFT in 0.00s.
2026-09-21 19:21:53,608 [BombeRLeWorld] INFO: Agent <rule_based_agent_1> stayed within acceptable think time.
2026-09-21 19:21:53,608 [BombeRLeWorld] INFO: Agent <rule_based_agent_1>'s bomb at (13, 4) explodes
2026-09-21 19:21:53,692 [BombeRLeWorld] INFO: STARTING STEP 24
2026-09-21 19:21:53,708 [BombeRLeWorld] INFO: Agent <rule_based_agent_1> chose action RIGHT in 0.00s.
2026-09-21 19:21:53,708 [BombeRLeWorld] INFO: Agent <rule_based_agent_1> stayed within acceptable think time.
2026-09-21 19:21:53,708 [BombeRLeWorld] INFO: Agent <qwm_agent> chose action UP in 0.01s.
2026-09-21 19:21:53,708 [BombeRLeWorld] INFO: Agent <qwm_agent> stayed within acceptable think time.
2026-09-21 19:21:53,708 [BombeRLeWorld] INFO: Agent <rule_based_agent_0> chose action RIGHT in 0.00s.
2026-09-21 19:21:53,708 [BombeRLeWorld] INFO: Agent <rule_based_agent_0> stayed within acceptable think time.
2026-09-21 19:21:53,793 [BombeRLeWorld] INFO: STARTING STEP 25
2026-09-21 19:21:53,810 [BombeRLeWorld] INFO: Agent <rule_based_agent_1> chose action LEFT in 0.00s.
2026-09-21 19:21:53,810 [BombeRLeWorld] INFO: Agent <rule_based_agent_1> stayed within acceptable think time.
2026-09-21 19:21:53,810 [BombeRLeWorld] INFO: Agent <rule_based_agent_0> chose action LEFT in 0.00s.
2026-09-21 19:21:53,810 [BombeRLeWorld] INFO: Agent <rule_based_agent_0> stayed within acceptable think time.
2026-09-21 19:21:53,810 [BombeRLeWorld] INFO: Agent <qwm_agent> chose action UP in 0.02s.
2026-09-21 19:21:53,810 [BombeRLeWorld] INFO: Agent <qwm_agent> stayed within acceptable think time.
2026-09-21 19:21:53,810 [BombeRLeWorld] INFO: Agent <qwm_agent>'s bomb at (14, 15) explodes
2026-09-21 19:21:53,893 [BombeRLeWorld] INFO: STARTING STEP 26
2026-09-21 19:21:53,912 [BombeRLeWorld] INFO: Agent <rule_based_agent_1> chose action LEFT in 0.00s.
2026-09-21 19:21:53,912 [BombeRLeWorld] INFO: Agent <rule_based_agent_1> stayed within acceptable think time.
2026-09-21 19:21:53,912 [BombeRLeWorld] INFO: Agent <qwm_agent> chose action UP in 0.02s.
2026-09-21 19:21:53,912 [BombeRLeWorld] INFO: Agent <qwm_agent> stayed within acceptable think time.
2026-09-21 19:21:53,912 [BombeRLeWorld] INFO: Agent <rule_based_agent_0> chose action RIGHT in 0.00s.
2026-09-21 19:21:53,912 [BombeRLeWorld] INFO: Agent <rule_based_agent_0> stayed within acceptable think time.
2026-09-21 19:21:53,912 [BombeRLeWorld] INFO: Agent <rule_based_agent_0>'s bomb at (5, 14) explodes
2026-09-21 19:21:53,992 [BombeRLeWorld] INFO: STARTING STEP 27
2026-09-21 19:21:54,008 [BombeRLeWorld] INFO: Agent <rule_based_agent_0> chose action None in 0.00s.
2026-09-21 19:21:54,008 [BombeRLeWorld] INFO: Agent <rule_based_agent_0> stayed within acceptable think time.
2026-09-21 19:21:54,008 [BombeRLeWorld] INFO: Agent <qwm_agent> chose action UP in 0.01s.
2026-09-21 19:21:54,008 [BombeRLeWorld] INFO: Agent <qwm_agent> stayed within acceptable think time.
2026-09-21 19:21:54,008 [BombeRLeWorld] INFO: Agent <rule_based_agent_1> chose action DOWN in 0.00s.
2026-09-21 19:21:54,008 [BombeRLeWorld] INFO: Agent <rule_based_agent_1> stayed within acceptable think time.
2026-09-21 19:21:54,092 [BombeRLeWorld] INFO: STARTING STEP 28
2026-09-21 19:21:54,109 [BombeRLeWorld] INFO: Agent <rule_based_agent_0> chose action LEFT in 0.00s.
2026-09-21 19:21:54,109 [BombeRLeWorld] INFO: Agent <rule_based_agent_0> stayed within acceptable think time.
2026-09-21 19:21:54,109 [BombeRLeWorld] INFO: Agent <qwm_agent> chose action UP in 0.02s.
2026-09-21 19:21:54,109 [BombeRLeWorld] INFO: Agent <qwm_agent> stayed within acceptable think time.
2026-09-21 19:21:54,109 [BombeRLeWorld] INFO: Agent <rule_based_agent_1> chose action DOWN in 0.00s.
2026-09-21 19:21:54,109 [BombeRLeWorld] INFO: Agent <rule_based_agent_1> stayed within acceptable think time.
2026-09-21 19:21:54,193 [BombeRLeWorld] INFO: STARTING STEP 29
2026-09-21 19:21:54,209 [BombeRLeWorld] INFO: Agent <rule_based_agent_1> chose action BOMB in 0.00s.
2026-09-21 19:21:54,209 [BombeRLeWorld] INFO: Agent <rule_based_agent_1> stayed within acceptable think time.
2026-09-21 19:21:54,209 [BombeRLeWorld] INFO: Agent <rule_based_agent_1> drops bomb at (13, 7)
2026-09-21 19:21:54,209 [BombeRLeWorld] INFO: Agent <rule_based_agent_0> chose action RIGHT in 0.00s.
2026-09-21 19:21:54,209 [BombeRLeWorld] INFO: Agent <rule_based_agent_0> stayed within acceptable think time.
2026-09-21 19:21:54,209 [BombeRLeWorld] INFO: Agent <qwm_agent> chose action UP in 0.01s.
2026-09-21 19:21:54,209 [BombeRLeWorld] INFO: Agent <qwm_agent> stayed within acceptable think time.
2026-09-21 19:21:54,209 [BombeRLeWorld] INFO: Agent <qwm_agent> picked up coin at (15, 8) and receives 1 point
2026-09-21 19:21:54,290 [BombeRLeWorld] INFO: STARTING STEP 30
2026-09-21 19:21:54,308 [BombeRLeWorld] INFO: Agent <rule_based_agent_1> chose action UP in 0.00s.
2026-09-21 19:21:54,308 [BombeRLeWorld] INFO: Agent <rule_based_agent_1> stayed within acceptable think time.
2026-09-21 19:21:54,308 [BombeRLeWorld] INFO: Agent <rule_based_agent_0> chose action BOMB in 0.00s.
2026-09-21 19:21:54,308 [BombeRLeWorld] INFO: Agent <rule_based_agent_0> stayed within acceptable think time.
2026-09-21 19:21:54,308 [BombeRLeWorld] INFO: Agent <rule_based_agent_0> drops bomb at (6, 15)
2026-09-21 19:21:54,308 [BombeRLeWorld] INFO: Agent <qwm_agent> chose action UP in 0.02s.
2026-09-21 19:21:54,308 [BombeRLeWorld] INFO: Agent <qwm_agent> stayed within acceptable think time.
2026-09-21 19:21:54,392 [BombeRLeWorld] INFO: STARTING STEP 31
2026-09-21 19:21:54,409 [BombeRLeWorld] INFO: Agent <rule_based_agent_0> chose action LEFT in 0.00s.
2026-09-21 19:21:54,409 [BombeRLeWorld] INFO: Agent <rule_based_agent_0> stayed within acceptable think time.
2026-09-21 19:21:54,409 [BombeRLeWorld] INFO: Agent <qwm_agent> chose action DOWN in 0.02s.
2026-09-21 19:21:54,409 [BombeRLeWorld] INFO: Agent <qwm_agent> stayed within acceptable think time.
2026-09-21 19:21:54,409 [BombeRLeWorld] INFO: Agent <rule_based_agent_1> chose action UP in 0.00s.
2026-09-21 19:21:54,409 [BombeRLeWorld] INFO: Agent <rule_based_agent_1> stayed within acceptable think time.
2026-09-21 19:21:54,493 [BombeRLeWorld] INFO: STARTING STEP 32
2026-09-21 19:21:54,511 [BombeRLeWorld] INFO: Agent <qwm_agent> chose action BOMB in 0.02s.
2026-09-21 19:21:54,511 [BombeRLeWorld] INFO: Agent <qwm_agent> stayed within acceptable think time.
2026-09-21 19:21:54,511 [BombeRLeWorld] INFO: Agent <qwm_agent> drops bomb at (15, 8)
2026-09-21 19:21:54,511 [BombeRLeWorld] INFO: Agent <rule_based_agent_1> chose action RIGHT in 0.00s.
2026-09-21 19:21:54,511 [BombeRLeWorld] INFO: Agent <rule_based_agent_1> stayed within acceptable think time.
2026-09-21 19:21:54,511 [BombeRLeWorld] INFO: Agent <rule_based_agent_0> chose action UP in 0.00s.
2026-09-21 19:21:54,511 [BombeRLeWorld] INFO: Agent <rule_based_agent_0> stayed within acceptable think time.
2026-09-21 19:21:54,593 [BombeRLeWorld] INFO: STARTING STEP 33
2026-09-21 19:21:54,609 [BombeRLeWorld] INFO: Agent <qwm_agent> chose action DOWN in 0.01s.
2026-09-21 19:21:54,609 [BombeRLeWorld] INFO: Agent <qwm_agent> stayed within acceptable think time.
2026-09-21 19:21:54,610 [BombeRLeWorld] INFO: Agent <rule_based_agent_1> chose action RIGHT in 0.00s.
2026-09-21 19:21:54,610 [BombeRLeWorld] INFO: Agent <rule_based_agent_1> stayed within acceptable think time.
2026-09-21 19:21:54,610 [BombeRLeWorld] INFO: Agent <rule_based_agent_0> chose action UP in 0.00s.
2026-09-21 19:21:54,610 [BombeRLeWorld] INFO: Agent <rule_based_agent_0> stayed within acceptable think time.
2026-09-21 19:21:54,610 [BombeRLeWorld] INFO: Agent <rule_based_agent_1>'s bomb at (13, 7) explodes
2026-09-21 19:21:54,610 [BombeRLeWorld] INFO: Coin found at (14, 7)
2026-09-21 19:21:54,610 [BombeRLeWorld] INFO: Coin found at (10, 7)
2026-09-21 19:21:54,693 [BombeRLeWorld] INFO: STARTING STEP 34
2026-09-21 19:21:54,710 [BombeRLeWorld] INFO: Agent <rule_based_agent_1> chose action LEFT in 0.00s.
2026-09-21 19:21:54,710 [BombeRLeWorld] INFO: Agent <rule_based_agent_1> stayed within acceptable think time.
2026-09-21 19:21:54,710 [BombeRLeWorld] INFO: Agent <qwm_agent> chose action DOWN in 0.01s.
2026-09-21 19:21:54,710 [BombeRLeWorld] INFO: Agent <qwm_agent> stayed within acceptable think time.
2026-09-21 19:21:54,710 [BombeRLeWorld] INFO: Agent <rule_based_agent_0> chose action UP in 0.00s.
2026-09-21 19:21:54,710 [BombeRLeWorld] INFO: Agent <rule_based_agent_0> stayed within acceptable think time.
2026-09-21 19:21:54,710 [BombeRLeWorld] INFO: Agent <rule_based_agent_0>'s bomb at (6, 15) explodes
2026-09-21 19:21:54,710 [BombeRLeWorld] INFO: Coin found at (9, 15)
2026-09-21 19:21:54,794 [BombeRLeWorld] INFO: STARTING STEP 35
2026-09-21 19:21:54,812 [BombeRLeWorld] INFO: Agent <qwm_agent> chose action DOWN in 0.02s.
2026-09-21 19:21:54,812 [BombeRLeWorld] INFO: Agent <qwm_agent> stayed within acceptable think time.
2026-09-21 19:21:54,812 [BombeRLeWorld] INFO: Agent <rule_based_agent_0> chose action UP in 0.00s.
2026-09-21 19:21:54,812 [BombeRLeWorld] INFO: Agent <rule_based_agent_0> stayed within acceptable think time.
2026-09-21 19:21:54,812 [BombeRLeWorld] INFO: Agent <rule_based_agent_1> chose action LEFT in 0.00s.
2026-09-21 19:21:54,812 [BombeRLeWorld] INFO: Agent <rule_based_agent_1> stayed within acceptable think time.
2026-09-21 19:21:54,894 [BombeRLeWorld] INFO: STARTING STEP 36
2026-09-21 19:21:54,912 [BombeRLeWorld] INFO: Agent <rule_based_agent_0> chose action UP in 0.00s.
2026-09-21 19:21:54,912 [BombeRLeWorld] INFO: Agent <rule_based_agent_0> stayed within acceptable think time.
2026-09-21 19:21:54,912 [BombeRLeWorld] INFO: Agent <qwm_agent> chose action DOWN in 0.02s.
2026-09-21 19:21:54,912 [BombeRLeWorld] INFO: Agent <qwm_agent> stayed within acceptable think time.
2026-09-21 19:21:54,912 [BombeRLeWorld] INFO: Agent <rule_based_agent_1> chose action DOWN in 0.00s.
2026-09-21 19:21:54,912 [BombeRLeWorld] INFO: Agent <rule_based_agent_1> stayed within acceptable think time.
2026-09-21 19:21:54,912 [BombeRLeWorld] INFO: Agent <qwm_agent>'s bomb at (15, 8) explodes
2026-09-21 19:21:54,994 [BombeRLeWorld] INFO: STARTING STEP 37
2026-09-21 19:21:55,011 [BombeRLeWorld] INFO: Agent <qwm_agent> chose action DOWN in 0.02s.
2026-09-21 19:21:55,011 [BombeRLeWorld] INFO: Agent <qwm_agent> stayed within acceptable think time.
2026-09-21 19:21:55,011 [BombeRLeWorld] INFO: Agent <rule_based_agent_1> chose action DOWN in 0.00s.
2026-09-21 19:21:55,011 [BombeRLeWorld] INFO: Agent <rule_based_agent_1> stayed within acceptable think time.
2026-09-21 19:21:55,011 [BombeRLeWorld] INFO: Agent <rule_based_agent_0> chose action UP in 0.00s.
2026-09-21 19:21:55,011 [BombeRLeWorld] INFO: Agent <rule_based_agent_0> stayed within acceptable think time.
2026-09-21 19:21:55,094 [BombeRLeWorld] INFO: STARTING STEP 38
2026-09-21 19:21:55,110 [BombeRLeWorld] INFO: Agent <qwm_agent> chose action UP in 0.02s.
2026-09-21 19:21:55,110 [BombeRLeWorld] INFO: Agent <qwm_agent> stayed within acceptable think time.
2026-09-21 19:21:55,110 [BombeRLeWorld] INFO: Agent <rule_based_agent_1> chose action RIGHT in 0.00s.
2026-09-21 19:21:55,110 [BombeRLeWorld] INFO: Agent <rule_based_agent_1> stayed within acceptable think time.
2026-09-21 19:21:55,110 [BombeRLeWorld] INFO: Agent <rule_based_agent_0> chose action UP in 0.00s.
2026-09-21 19:21:55,110 [BombeRLeWorld] INFO: Agent <rule_based_agent_0> stayed within acceptable think time.
2026-09-21 19:21:55,110 [BombeRLeWorld] INFO: Agent <rule_based_agent_1> picked up coin at (14, 7) and receives 1 point
2026-09-21 19:21:55,194 [BombeRLeWorld] INFO: STARTING STEP 39
2026-09-21 19:21:55,213 [BombeRLeWorld] INFO: Agent <rule_based_agent_0> chose action BOMB in 0.00s.
2026-09-21 19:21:55,213 [BombeRLeWorld] INFO: Agent <rule_based_agent_0> stayed within acceptable think time.
2026-09-21 19:21:55,213 [BombeRLeWorld] INFO: Agent <rule_based_agent_0> drops bomb at (5, 8)
2026-09-21 19:21:55,213 [BombeRLeWorld] INFO: Agent <rule_based_agent_1> chose action LEFT in 0.00s.
2026-09-21 19:21:55,213 [BombeRLeWorld] INFO: Agent <rule_based_agent_1> stayed within acceptable think time.
2026-09-21 19:21:55,213 [BombeRLeWorld] INFO: Agent <qwm_agent> chose action BOMB in 0.02s.
2026-09-21 19:21:55,213 [BombeRLeWorld] INFO: Agent <qwm_agent> stayed within acceptable think time.
2026-09-21 19:21:55,213 [BombeRLeWorld] INFO: Agent <qwm_agent> drops bomb at (15, 12)
2026-09-21 19:21:55,293 [BombeRLeWorld] INFO: STARTING STEP 40
2026-09-21 19:21:55,311 [BombeRLeWorld] INFO: Agent <qwm_agent> chose action UP in 0.02s.
2026-09-21 19:21:55,311 [BombeRLeWorld] INFO: Agent <qwm_agent> stayed within acceptable think time.
2026-09-21 19:21:55,311 [BombeRLeWorld] INFO: Agent <rule_based_agent_1> chose action DOWN in 0.00s.
2026-09-21 19:21:55,311 [BombeRLeWorld] INFO: Agent <rule_based_agent_1> stayed within acceptable think time.
2026-09-21 19:21:55,311 [BombeRLeWorld] INFO: Agent <rule_based_agent_0> chose action DOWN in 0.00s.
2026-09-21 19:21:55,311 [BombeRLeWorld] INFO: Agent <rule_based_agent_0> stayed within acceptable think time.
2026-09-21 19:21:55,393 [BombeRLeWorld] INFO: STARTING STEP 41
2026-09-21 19:21:55,412 [BombeRLeWorld] INFO: Agent <rule_based_agent_1> chose action DOWN in 0.00s.
2026-09-21 19:21:55,412 [BombeRLeWorld] INFO: Agent <rule_based_agent_1> stayed within acceptable think time.
2026-09-21 19:21:55,412 [BombeRLeWorld] INFO: Agent <qwm_agent> chose action UP in 0.02s.
2026-09-21 19:21:55,412 [BombeRLeWorld] INFO: Agent <qwm_agent> stayed within acceptable think time.
2026-09-21 19:21:55,412 [BombeRLeWorld] INFO: Agent <rule_based_agent_0> chose action DOWN in 0.00s.
2026-09-21 19:21:55,412 [BombeRLeWorld] INFO: Agent <rule_based_agent_0> stayed within acceptable think time.
2026-09-21 19:21:55,493 [BombeRLeWorld] INFO: STARTING STEP 42
2026-09-21 19:21:55,513 [BombeRLeWorld] INFO: Agent <rule_based_agent_1> chose action DOWN in 0.00s.
2026-09-21 19:21:55,513 [BombeRLeWorld] INFO: Agent <rule_based_agent_1> stayed within acceptable think time.
2026-09-21 19:21:55,513 [BombeRLeWorld] INFO: Agent <rule_based_agent_0> chose action DOWN in 0.00s.
2026-09-21 19:21:55,513 [BombeRLeWorld] INFO: Agent <rule_based_agent_0> stayed within acceptable think time.
2026-09-21 19:21:55,513 [BombeRLeWorld] INFO: Agent <qwm_agent> chose action UP in 0.02s.
2026-09-21 19:21:55,513 [BombeRLeWorld] INFO: Agent <qwm_agent> stayed within acceptable think time.
2026-09-21 19:21:55,594 [BombeRLeWorld] INFO: STARTING STEP 43
2026-09-21 19:21:55,612 [BombeRLeWorld] INFO: Agent <rule_based_agent_0> chose action DOWN in 0.00s.
2026-09-21 19:21:55,612 [BombeRLeWorld] INFO: Agent <rule_based_agent_0> stayed within acceptable think time.
2026-09-21 19:21:55,612 [BombeRLeWorld] INFO: Agent <rule_based_agent_1> chose action BOMB in 0.00s.
2026-09-21 19:21:55,612 [BombeRLeWorld] INFO: Agent <rule_based_agent_1> stayed within acceptable think time.
2026-09-21 19:21:55,612 [BombeRLeWorld] INFO: Agent <rule_based_agent_1> drops bomb at (13, 10)
2026-09-21 19:21:55,612 [BombeRLeWorld] INFO: Agent <qwm_agent> chose action UP in 0.02s.
2026-09-21 19:21:55,612 [BombeRLeWorld] INFO: Agent <qwm_agent> stayed within acceptable think time.
2026-09-21 19:21:55,612 [BombeRLeWorld] INFO: Agent <rule_based_agent_0>'s bomb at (5, 8) explodes
2026-09-21 19:21:55,612 [BombeRLeWorld] INFO: Agent <qwm_agent>'s bomb at (15, 12) explodes
2026-09-21 19:21:55,694 [BombeRLeWorld] INFO: STARTING STEP 44
2026-09-21 19:21:55,714 [BombeRLeWorld] INFO: Agent <rule_based_agent_1> chose action UP in 0.00s.
2026-09-21 19:21:55,714 [BombeRLeWorld] INFO: Agent <rule_based_agent_1> stayed within acceptable think time.
2026-09-21 19:21:55,714 [BombeRLeWorld] INFO: Agent <qwm_agent> chose action UP in 0.02s.
2026-09-21 19:21:55,714 [BombeRLeWorld] INFO: Agent <qwm_agent> stayed within acceptable think time.
2026-09-21 19:21:55,714 [BombeRLeWorld] INFO: Agent <rule_based_agent_0> chose action DOWN in 0.00s.
2026-09-21 19:21:55,714 [BombeRLeWorld] INFO: Agent <rule_based_agent_0> stayed within acceptable think time.
2026-09-21 19:21:55,794 [BombeRLeWorld] INFO: STARTING STEP 45
2026-09-21 19:21:55,811 [BombeRLeWorld] INFO: Agent <rule_based_agent_0> chose action DOWN in 0.00s.
2026-09-21 19:21:55,811 [BombeRLeWorld] INFO: Agent <rule_based_agent_0> stayed within acceptable think time.
2026-09-21 19:21:55,811 [BombeRLeWorld] INFO: Agent <rule_based_agent_1> chose action UP in 0.00s.
2026-09-21 19:21:55,811 [BombeRLeWorld] INFO: Agent <rule_based_agent_1> stayed within acceptable think time.
2026-09-21 19:21:55,811 [BombeRLeWorld] INFO: Agent <qwm_agent> chose action LEFT in 0.02s.
2026-09-21 19:21:55,811 [BombeRLeWorld] INFO: Agent <qwm_agent> stayed within acceptable think time.
2026-09-21 19:21:55,892 [BombeRLeWorld] INFO: STARTING STEP 46
2026-09-21 19:21:55,909 [BombeRLeWorld] INFO: Agent <qwm_agent> chose action LEFT in 0.02s.
2026-09-21 19:21:55,909 [BombeRLeWorld] INFO: Agent <qwm_agent> stayed within acceptable think time.
2026-09-21 19:21:55,909 [BombeRLeWorld] INFO: Agent <rule_based_agent_1> chose action UP in 0.00s.
2026-09-21 19:21:55,910 [BombeRLeWorld] INFO: Agent <rule_based_agent_1> stayed within acceptable think time.
2026-09-21 19:21:55,910 [BombeRLeWorld] INFO: Agent <rule_based_agent_0> chose action DOWN in 0.00s.
2026-09-21 19:21:55,910 [BombeRLeWorld] INFO: Agent <rule_based_agent_0> stayed within acceptable think time.
2026-09-21 19:21:55,995 [BombeRLeWorld] INFO: STARTING STEP 47
2026-09-21 19:21:56,018 [BombeRLeWorld] INFO: Agent <qwm_agent> chose action LEFT in 0.02s.
2026-09-21 19:21:56,018 [BombeRLeWorld] INFO: Agent <qwm_agent> stayed within acceptable think time.
2026-09-21 19:21:56,018 [BombeRLeWorld] INFO: Agent <rule_based_agent_1> chose action None in 0.00s.
2026-09-21 19:21:56,018 [BombeRLeWorld] INFO: Agent <rule_based_agent_1> stayed within acceptable think time.
2026-09-21 19:21:56,018 [BombeRLeWorld] INFO: Agent <rule_based_agent_0> chose action RIGHT in 0.00s.
2026-09-21 19:21:56,018 [BombeRLeWorld] INFO: Agent <rule_based_agent_0> stayed within acceptable think time.
2026-09-21 19:21:56,018 [BombeRLeWorld] INFO: Agent <rule_based_agent_1>'s bomb at (13, 10) explodes
2026-09-21 19:21:56,018 [BombeRLeWorld] INFO: Agent <rule_based_agent_1> blown up by own bomb
2026-09-21 19:21:56,095 [BombeRLeWorld] INFO: STARTING STEP 48
2026-09-21 19:21:56,112 [BombeRLeWorld] INFO: Agent <qwm_agent> chose action LEFT in 0.02s.
2026-09-21 19:21:56,112 [BombeRLeWorld] INFO: Agent <qwm_agent> stayed within acceptable think time.
2026-09-21 19:21:56,112 [BombeRLeWorld] INFO: Agent <rule_based_agent_0> chose action RIGHT in 0.00s.
2026-09-21 19:21:56,112 [BombeRLeWorld] INFO: Agent <rule_based_agent_0> stayed within acceptable think time.
2026-09-21 19:21:56,194 [BombeRLeWorld] INFO: STARTING STEP 49
2026-09-21 19:21:56,215 [BombeRLeWorld] INFO: Agent <qwm_agent> chose action LEFT in 0.02s.
2026-09-21 19:21:56,215 [BombeRLeWorld] INFO: Agent <qwm_agent> stayed within acceptable think time.
2026-09-21 19:21:56,215 [BombeRLeWorld] INFO: Agent <rule_based_agent_0> chose action RIGHT in 0.00s.
2026-09-21 19:21:56,215 [BombeRLeWorld] INFO: Agent <rule_based_agent_0> stayed within acceptable think time.
2026-09-21 19:21:56,215 [BombeRLeWorld] INFO: Agent <qwm_agent> picked up coin at (10, 7) and receives 1 point
2026-09-21 19:21:56,295 [BombeRLeWorld] INFO: STARTING STEP 50
2026-09-21 19:21:56,318 [BombeRLeWorld] INFO: Agent <qwm_agent> chose action BOMB in 0.02s.
2026-09-21 19:21:56,318 [BombeRLeWorld] INFO: Agent <qwm_agent> stayed within acceptable think time.
2026-09-21 19:21:56,318 [BombeRLeWorld] INFO: Agent <qwm_agent> drops bomb at (10, 7)
2026-09-21 19:21:56,318 [BombeRLeWorld] INFO: Agent <rule_based_agent_0> chose action RIGHT in 0.00s.
2026-09-21 19:21:56,318 [BombeRLeWorld] INFO: Agent <rule_based_agent_0> stayed within acceptable think time.
2026-09-21 19:21:56,319 [BombeRLeWorld] INFO: Agent <rule_based_agent_0> picked up coin at (9, 15) and receives 1 point
2026-09-21 19:21:56,395 [BombeRLeWorld] INFO: STARTING STEP 51
2026-09-21 19:21:56,411 [BombeRLeWorld] INFO: Agent <qwm_agent> chose action RIGHT in 0.02s.
2026-09-21 19:21:56,411 [BombeRLeWorld] INFO: Agent <qwm_agent> stayed within acceptable think time.
2026-09-21 19:21:56,411 [BombeRLeWorld] INFO: Agent <rule_based_agent_0> chose action UP in 0.00s.
2026-09-21 19:21:56,411 [BombeRLeWorld] INFO: Agent <rule_based_agent_0> stayed within acceptable think time.
2026-09-21 19:21:56,495 [BombeRLeWorld] INFO: STARTING STEP 52
2026-09-21 19:21:56,517 [BombeRLeWorld] INFO: Agent <rule_based_agent_0> chose action BOMB in 0.00s.
2026-09-21 19:21:56,517 [BombeRLeWorld] INFO: Agent <rule_based_agent_0> stayed within acceptable think time.
2026-09-21 19:21:56,518 [BombeRLeWorld] INFO: Agent <rule_based_agent_0> drops bomb at (9, 14)
2026-09-21 19:21:56,518 [BombeRLeWorld] INFO: Agent <qwm_agent> chose action RIGHT in 0.02s.
2026-09-21 19:21:56,518 [BombeRLeWorld] INFO: Agent <qwm_agent> stayed within acceptable think time.
2026-09-21 19:21:56,595 [BombeRLeWorld] INFO: STARTING STEP 53
2026-09-21 19:21:56,617 [BombeRLeWorld] INFO: Agent <rule_based_agent_0> chose action DOWN in 0.00s.
2026-09-21 19:21:56,617 [BombeRLeWorld] INFO: Agent <rule_based_agent_0> stayed within acceptable think time.
2026-09-21 19:21:56,617 [BombeRLeWorld] INFO: Agent <qwm_agent> chose action RIGHT in 0.02s.
2026-09-21 19:21:56,617 [BombeRLeWorld] INFO: Agent <qwm_agent> stayed within acceptable think time.
2026-09-21 19:21:56,691 [BombeRLeWorld] INFO: STARTING STEP 54
2026-09-21 19:21:56,708 [BombeRLeWorld] INFO: Agent <qwm_agent> chose action DOWN in 0.02s.
2026-09-21 19:21:56,708 [BombeRLeWorld] INFO: Agent <qwm_agent> stayed within acceptable think time.
2026-09-21 19:21:56,708 [BombeRLeWorld] INFO: Agent <rule_based_agent_0> chose action LEFT in 0.00s.
2026-09-21 19:21:56,708 [BombeRLeWorld] INFO: Agent <rule_based_agent_0> stayed within acceptable think time.
2026-09-21 19:21:56,708 [BombeRLeWorld] INFO: Agent <qwm_agent>'s bomb at (10, 7) explodes
2026-09-21 19:21:56,708 [BombeRLeWorld] INFO: Coin found at (8, 7)
2026-09-21 19:21:56,795 [BombeRLeWorld] INFO: STARTING STEP 55
2026-09-21 19:21:56,813 [BombeRLeWorld] INFO: Agent <qwm_agent> chose action DOWN in 0.02s.
2026-09-21 19:21:56,813 [BombeRLeWorld] INFO: Agent <qwm_agent> stayed within acceptable think time.
2026-09-21 19:21:56,813 [BombeRLeWorld] INFO: Agent <rule_based_agent_0> chose action LEFT in 0.00s.
2026-09-21 19:21:56,813 [BombeRLeWorld] INFO: Agent <rule_based_agent_0> stayed within acceptable think time.
2026-09-21 19:21:56,892 [BombeRLeWorld] INFO: STARTING STEP 56
2026-09-21 19:21:56,908 [BombeRLeWorld] INFO: Agent <qwm_agent> chose action DOWN in 0.02s.
2026-09-21 19:21:56,908 [BombeRLeWorld] INFO: Agent <qwm_agent> stayed within acceptable think time.
2026-09-21 19:21:56,908 [BombeRLeWorld] INFO: Agent <rule_based_agent_0> chose action LEFT in 0.00s.
2026-09-21 19:21:56,908 [BombeRLeWorld] INFO: Agent <rule_based_agent_0> stayed within acceptable think time.
2026-09-21 19:21:56,908 [BombeRLeWorld] INFO: Agent <rule_based_agent_0>'s bomb at (9, 14) explodes
2026-09-21 19:21:56,995 [BombeRLeWorld] INFO: STARTING STEP 57
2026-09-21 19:21:57,015 [BombeRLeWorld] INFO: Agent <rule_based_agent_0> chose action RIGHT in 0.00s.
2026-09-21 19:21:57,015 [BombeRLeWorld] INFO: Agent <rule_based_agent_0> stayed within acceptable think time.
2026-09-21 19:21:57,015 [BombeRLeWorld] INFO: Agent <qwm_agent> chose action DOWN in 0.02s.
2026-09-21 19:21:57,015 [BombeRLeWorld] INFO: Agent <qwm_agent> stayed within acceptable think time.
2026-09-21 19:21:57,095 [BombeRLeWorld] INFO: STARTING STEP 58
2026-09-21 19:21:57,112 [BombeRLeWorld] INFO: Agent <qwm_agent> chose action DOWN in 0.02s.
2026-09-21 19:21:57,112 [BombeRLeWorld] INFO: Agent <qwm_agent> stayed within acceptable think time.
2026-09-21 19:21:57,112 [BombeRLeWorld] INFO: Agent <rule_based_agent_0> chose action RIGHT in 0.00s.
2026-09-21 19:21:57,112 [BombeRLeWorld] INFO: Agent <rule_based_agent_0> stayed within acceptable think time.
2026-09-21 19:21:57,192 [BombeRLeWorld] INFO: STARTING STEP 59
2026-09-21 19:21:57,213 [BombeRLeWorld] INFO: Agent <qwm_agent> chose action UP in 0.02s.
2026-09-21 19:21:57,213 [BombeRLeWorld] INFO: Agent <qwm_agent> stayed within acceptable think time.
2026-09-21 19:21:57,213 [BombeRLeWorld] INFO: Agent <rule_based_agent_0> chose action RIGHT in 0.00s.
2026-09-21 19:21:57,213 [BombeRLeWorld] INFO: Agent <rule_based_agent_0> stayed within acceptable think time.
2026-09-21 19:21:57,294 [BombeRLeWorld] INFO: STARTING STEP 60
2026-09-21 19:21:57,312 [BombeRLeWorld] INFO: Agent <qwm_agent> chose action UP in 0.02s.
2026-09-21 19:21:57,313 [BombeRLeWorld] INFO: Agent <qwm_agent> stayed within acceptable think time.
2026-09-21 19:21:57,313 [BombeRLeWorld] INFO: Agent <rule_based_agent_0> chose action UP in 0.00s.
2026-09-21 19:21:57,313 [BombeRLeWorld] INFO: Agent <rule_based_agent_0> stayed within acceptable think time.
2026-09-21 19:21:57,394 [BombeRLeWorld] INFO: STARTING STEP 61
2026-09-21 19:21:57,414 [BombeRLeWorld] INFO: Agent <rule_based_agent_0> chose action UP in 0.00s.
2026-09-21 19:21:57,414 [BombeRLeWorld] INFO: Agent <rule_based_agent_0> stayed within acceptable think time.
2026-09-21 19:21:57,414 [BombeRLeWorld] INFO: Agent <qwm_agent> chose action UP in 0.02s.
2026-09-21 19:21:57,414 [BombeRLeWorld] INFO: Agent <qwm_agent> stayed within acceptable think time.
2026-09-21 19:21:57,492 [BombeRLeWorld] INFO: STARTING STEP 62
2026-09-21 19:21:57,512 [BombeRLeWorld] INFO: Agent <qwm_agent> chose action BOMB in 0.02s.
2026-09-21 19:21:57,512 [BombeRLeWorld] INFO: Agent <qwm_agent> stayed within acceptable think time.
2026-09-21 19:21:57,512 [BombeRLeWorld] INFO: Agent <qwm_agent> drops bomb at (13, 9)
2026-09-21 19:21:57,512 [BombeRLeWorld] INFO: Agent <rule_based_agent_0> chose action UP in 0.00s.
2026-09-21 19:21:57,512 [BombeRLeWorld] INFO: Agent <rule_based_agent_0> stayed within acceptable think time.
2026-09-21 19:21:57,593 [BombeRLeWorld] INFO: STARTING STEP 63
2026-09-21 19:21:57,612 [BombeRLeWorld] INFO: Agent <qwm_agent> chose action UP in 0.02s.
2026-09-21 19:21:57,612 [BombeRLeWorld] INFO: Agent <qwm_agent> stayed within acceptable think time.
2026-09-21 19:21:57,612 [BombeRLeWorld] INFO: Agent <rule_based_agent_0> chose action UP in 0.00s.
2026-09-21 19:21:57,612 [BombeRLeWorld] INFO: Agent <rule_based_agent_0> stayed within acceptable think time.
2026-09-21 19:21:57,694 [BombeRLeWorld] INFO: STARTING STEP 64
2026-09-21 19:21:57,710 [BombeRLeWorld] INFO: Agent <qwm_agent> chose action UP in 0.02s.
2026-09-21 19:21:57,711 [BombeRLeWorld] INFO: Agent <qwm_agent> stayed within acceptable think time.
2026-09-21 19:21:57,711 [BombeRLeWorld] INFO: Agent <rule_based_agent_0> chose action BOMB in 0.00s.
2026-09-21 19:21:57,711 [BombeRLeWorld] INFO: Agent <rule_based_agent_0> stayed within acceptable think time.
2026-09-21 19:21:57,711 [BombeRLeWorld] INFO: Agent <rule_based_agent_0> drops bomb at (9, 11)
2026-09-21 19:21:57,794 [BombeRLeWorld] INFO: STARTING STEP 65
2026-09-21 19:21:57,815 [BombeRLeWorld] INFO: Agent <qwm_agent> chose action LEFT in 0.02s.
2026-09-21 19:21:57,815 [BombeRLeWorld] INFO: Agent <qwm_agent> stayed within acceptable think time.
2026-09-21 19:21:57,815 [BombeRLeWorld] INFO: Agent <rule_based_agent_0> chose action DOWN in 0.00s.
2026-09-21 19:21:57,815 [BombeRLeWorld] INFO: Agent <rule_based_agent_0> stayed within acceptable think time.
2026-09-21 19:21:57,894 [BombeRLeWorld] INFO: STARTING STEP 66
2026-09-21 19:21:57,910 [BombeRLeWorld] INFO: Agent <qwm_agent> chose action LEFT in 0.02s.
2026-09-21 19:21:57,910 [BombeRLeWorld] INFO: Agent <qwm_agent> stayed within acceptable think time.
2026-09-21 19:21:57,911 [BombeRLeWorld] INFO: Agent <rule_based_agent_0> chose action DOWN in 0.00s.
2026-09-21 19:21:57,911 [BombeRLeWorld] INFO: Agent <rule_based_agent_0> stayed within acceptable think time.
2026-09-21 19:21:57,911 [BombeRLeWorld] INFO: Agent <qwm_agent>'s bomb at (13, 9) explodes
2026-09-21 19:21:57,993 [BombeRLeWorld] INFO: STARTING STEP 67
2026-09-21 19:21:58,011 [BombeRLeWorld] INFO: Agent <rule_based_agent_0> chose action DOWN in 0.00s.
2026-09-21 19:21:58,011 [BombeRLeWorld] INFO: Agent <rule_based_agent_0> stayed within acceptable think time.
2026-09-21 19:21:58,011 [BombeRLeWorld] INFO: Agent <qwm_agent> chose action LEFT in 0.02s.
2026-09-21 19:21:58,011 [BombeRLeWorld] INFO: Agent <qwm_agent> stayed within acceptable think time.
2026-09-21 19:21:58,094 [BombeRLeWorld] INFO: STARTING STEP 68
2026-09-21 19:21:58,112 [BombeRLeWorld] INFO: Agent <rule_based_agent_0> chose action DOWN in 0.00s.
2026-09-21 19:21:58,112 [BombeRLeWorld] INFO: Agent <rule_based_agent_0> stayed within acceptable think time.
2026-09-21 19:21:58,112 [BombeRLeWorld] INFO: Agent <qwm_agent> chose action LEFT in 0.02s.
2026-09-21 19:21:58,112 [BombeRLeWorld] INFO: Agent <qwm_agent> stayed within acceptable think time.
2026-09-21 19:21:58,112 [BombeRLeWorld] INFO: Agent <rule_based_agent_0>'s bomb at (9, 11) explodes
2026-09-21 19:21:58,194 [BombeRLeWorld] INFO: STARTING STEP 69
2026-09-21 19:21:58,212 [BombeRLeWorld] INFO: Agent <rule_based_agent_0> chose action LEFT in 0.00s.
2026-09-21 19:21:58,212 [BombeRLeWorld] INFO: Agent <rule_based_agent_0> stayed within acceptable think time.
2026-09-21 19:21:58,212 [BombeRLeWorld] INFO: Agent <qwm_agent> chose action LEFT in 0.02s.
2026-09-21 19:21:58,212 [BombeRLeWorld] INFO: Agent <qwm_agent> stayed within acceptable think time.
2026-09-21 19:21:58,212 [BombeRLeWorld] INFO: Agent <qwm_agent> picked up coin at (8, 7) and receives 1 point
2026-09-21 19:21:58,295 [BombeRLeWorld] INFO: STARTING STEP 70
2026-09-21 19:21:58,313 [BombeRLeWorld] INFO: Agent <rule_based_agent_0> chose action LEFT in 0.00s.
2026-09-21 19:21:58,314 [BombeRLeWorld] INFO: Agent <rule_based_agent_0> stayed within acceptable think time.
2026-09-21 19:21:58,314 [BombeRLeWorld] INFO: Agent <qwm_agent> chose action BOMB in 0.02s.
2026-09-21 19:21:58,314 [BombeRLeWorld] INFO: Agent <qwm_agent> stayed within acceptable think time.
2026-09-21 19:21:58,314 [BombeRLeWorld] INFO: Agent <qwm_agent> drops bomb at (8, 7)
2026-09-21 19:21:58,394 [BombeRLeWorld] INFO: STARTING STEP 71
2026-09-21 19:21:58,414 [BombeRLeWorld] INFO: Agent <rule_based_agent_0> chose action LEFT in 0.00s.
2026-09-21 19:21:58,414 [BombeRLeWorld] INFO: Agent <rule_based_agent_0> stayed within acceptable think time.
2026-09-21 19:21:58,414 [BombeRLeWorld] INFO: Agent <qwm_agent> chose action RIGHT in 0.02s.
2026-09-21 19:21:58,414 [BombeRLeWorld] INFO: Agent <qwm_agent> stayed within acceptable think time.
2026-09-21 19:21:58,494 [BombeRLeWorld] INFO: STARTING STEP 72
2026-09-21 19:21:58,520 [BombeRLeWorld] INFO: Agent <rule_based_agent_0> chose action LEFT in 0.00s.
2026-09-21 19:21:58,520 [BombeRLeWorld] INFO: Agent <rule_based_agent_0> stayed within acceptable think time.
2026-09-21 19:21:58,520 [BombeRLeWorld] INFO: Agent <qwm_agent> chose action DOWN in 0.02s.
2026-09-21 19:21:58,520 [BombeRLeWorld] INFO: Agent <qwm_agent> stayed within acceptable think time.
2026-09-21 19:21:58,594 [BombeRLeWorld] INFO: STARTING STEP 73
2026-09-21 19:21:58,615 [BombeRLeWorld] INFO: Agent <qwm_agent> chose action DOWN in 0.02s.
2026-09-21 19:21:58,615 [BombeRLeWorld] INFO: Agent <qwm_agent> stayed within acceptable think time.
2026-09-21 19:21:58,615 [BombeRLeWorld] INFO: Agent <rule_based_agent_0> chose action UP in 0.00s.
2026-09-21 19:21:58,615 [BombeRLeWorld] INFO: Agent <rule_based_agent_0> stayed within acceptable think time.
2026-09-21 19:21:58,694 [BombeRLeWorld] INFO: STARTING STEP 74
2026-09-21 19:21:58,714 [BombeRLeWorld] INFO: Agent <qwm_agent> chose action RIGHT in 0.02s.
2026-09-21 19:21:58,714 [BombeRLeWorld] INFO: Agent <qwm_agent> stayed within acceptable think time.
2026-09-21 19:21:58,714 [BombeRLeWorld] INFO: Agent <rule_based_agent_0> chose action UP in 0.00s.
2026-09-21 19:21:58,714 [BombeRLeWorld] INFO: Agent <rule_based_agent_0> stayed within acceptable think time.
2026-09-21 19:21:58,714 [BombeRLeWorld] INFO: Agent <qwm_agent>'s bomb at (8, 7) explodes
2026-09-21 19:21:58,794 [BombeRLeWorld] INFO: STARTING STEP 75
2026-09-21 19:21:58,814 [BombeRLeWorld] INFO: Agent <qwm_agent> chose action RIGHT in 0.02s.
2026-09-21 19:21:58,814 [BombeRLeWorld] INFO: Agent <qwm_agent> stayed within acceptable think time.
2026-09-21 19:21:58,815 [BombeRLeWorld] INFO: Agent <rule_based_agent_0> chose action UP in 0.00s.
2026-09-21 19:21:58,815 [BombeRLeWorld] INFO: Agent <rule_based_agent_0> stayed within acceptable think time.
2026-09-21 19:21:58,894 [BombeRLeWorld] INFO: STARTING STEP 76
2026-09-21 19:21:58,915 [BombeRLeWorld] INFO: Agent <rule_based_agent_0> chose action UP in 0.00s.
2026-09-21 19:21:58,915 [BombeRLeWorld] INFO: Agent <rule_based_agent_0> stayed within acceptable think time.
2026-09-21 19:21:58,915 [BombeRLeWorld] INFO: Agent <qwm_agent> chose action RIGHT in 0.02s.
2026-09-21 19:21:58,915 [BombeRLeWorld] INFO: Agent <qwm_agent> stayed within acceptable think time.
2026-09-21 19:21:58,995 [BombeRLeWorld] INFO: STARTING STEP 77
2026-09-21 19:21:59,015 [BombeRLeWorld] INFO: Agent <qwm_agent> chose action BOMB in 0.02s.
2026-09-21 19:21:59,015 [BombeRLeWorld] INFO: Agent <qwm_agent> stayed within acceptable think time.
2026-09-21 19:21:59,015 [BombeRLeWorld] INFO: Agent <qwm_agent> drops bomb at (12, 9)
2026-09-21 19:21:59,015 [BombeRLeWorld] INFO: Agent <rule_based_agent_0> chose action UP in 0.00s.
2026-09-21 19:21:59,015 [BombeRLeWorld] INFO: Agent <rule_based_agent_0> stayed within acceptable think time.
2026-09-21 19:21:59,094 [BombeRLeWorld] INFO: STARTING STEP 78
2026-09-21 19:21:59,113 [BombeRLeWorld] INFO: Agent <rule_based_agent_0> chose action UP in 0.00s.
2026-09-21 19:21:59,113 [BombeRLeWorld] INFO: Agent <rule_based_agent_0> stayed within acceptable think time.
2026-09-21 19:21:59,113 [BombeRLeWorld] INFO: Agent <qwm_agent> chose action RIGHT in 0.02s.
2026-09-21 19:21:59,113 [BombeRLeWorld] INFO: Agent <qwm_agent> stayed within acceptable think time.
2026-09-21 19:21:59,193 [BombeRLeWorld] INFO: STARTING STEP 79
2026-09-21 19:21:59,213 [BombeRLeWorld] INFO: Agent <rule_based_agent_0> chose action UP in 0.00s.
2026-09-21 19:21:59,213 [BombeRLeWorld] INFO: Agent <rule_based_agent_0> stayed within acceptable think time.
2026-09-21 19:21:59,213 [BombeRLeWorld] INFO: Agent <qwm_agent> chose action DOWN in 0.02s.
2026-09-21 19:21:59,213 [BombeRLeWorld] INFO: Agent <qwm_agent> stayed within acceptable think time.
2026-09-21 19:21:59,294 [BombeRLeWorld] INFO: STARTING STEP 80
2026-09-21 19:21:59,313 [BombeRLeWorld] INFO: Agent <qwm_agent> chose action WAIT in 0.02s.
2026-09-21 19:21:59,313 [BombeRLeWorld] INFO: Agent <qwm_agent> stayed within acceptable think time.
2026-09-21 19:21:59,313 [BombeRLeWorld] INFO: Agent <rule_based_agent_0> chose action UP in 0.00s.
2026-09-21 19:21:59,313 [BombeRLeWorld] INFO: Agent <rule_based_agent_0> stayed within acceptable think time.
2026-09-21 19:21:59,395 [BombeRLeWorld] INFO: STARTING STEP 81
2026-09-21 19:21:59,412 [BombeRLeWorld] INFO: Agent <qwm_agent> chose action DOWN in 0.02s.
2026-09-21 19:21:59,412 [BombeRLeWorld] INFO: Agent <qwm_agent> stayed within acceptable think time.
2026-09-21 19:21:59,412 [BombeRLeWorld] INFO: Agent <rule_based_agent_0> chose action UP in 0.00s.
2026-09-21 19:21:59,412 [BombeRLeWorld] INFO: Agent <rule_based_agent_0> stayed within acceptable think time.
2026-09-21 19:21:59,412 [BombeRLeWorld] INFO: Agent <qwm_agent>'s bomb at (12, 9) explodes
2026-09-21 19:21:59,494 [BombeRLeWorld] INFO: STARTING STEP 82
2026-09-21 19:21:59,513 [BombeRLeWorld] INFO: Agent <rule_based_agent_0> chose action UP in 0.00s.
2026-09-21 19:21:59,513 [BombeRLeWorld] INFO: Agent <rule_based_agent_0> stayed within acceptable think time.
2026-09-21 19:21:59,513 [BombeRLeWorld] INFO: Agent <qwm_agent> chose action LEFT in 0.02s.
2026-09-21 19:21:59,513 [BombeRLeWorld] INFO: Agent <qwm_agent> stayed within acceptable think time.
2026-09-21 19:21:59,595 [BombeRLeWorld] INFO: STARTING STEP 83
2026-09-21 19:21:59,615 [BombeRLeWorld] INFO: Agent <rule_based_agent_0> chose action BOMB in 0.00s.
2026-09-21 19:21:59,615 [BombeRLeWorld] INFO: Agent <rule_based_agent_0> stayed within acceptable think time.
2026-09-21 19:21:59,615 [BombeRLeWorld] INFO: Agent <rule_based_agent_0> drops bomb at (5, 5)
2026-09-21 19:21:59,615 [BombeRLeWorld] INFO: Agent <qwm_agent> chose action LEFT in 0.02s.
2026-09-21 19:21:59,615 [BombeRLeWorld] INFO: Agent <qwm_agent> stayed within acceptable think time.
2026-09-21 19:21:59,696 [BombeRLeWorld] INFO: STARTING STEP 84
2026-09-21 19:21:59,717 [BombeRLeWorld] INFO: Agent <rule_based_agent_0> chose action DOWN in 0.00s.
2026-09-21 19:21:59,717 [BombeRLeWorld] INFO: Agent <rule_based_agent_0> stayed within acceptable think time.
2026-09-21 19:21:59,717 [BombeRLeWorld] INFO: Agent <qwm_agent> chose action LEFT in 0.02s.
2026-09-21 19:21:59,717 [BombeRLeWorld] INFO: Agent <qwm_agent> stayed within acceptable think time.
2026-09-21 19:21:59,793 [BombeRLeWorld] INFO: STARTING STEP 85
2026-09-21 19:21:59,813 [BombeRLeWorld] INFO: Agent <qwm_agent> chose action LEFT in 0.02s.
2026-09-21 19:21:59,813 [BombeRLeWorld] INFO: Agent <qwm_agent> stayed within acceptable think time.
2026-09-21 19:21:59,813 [BombeRLeWorld] INFO: Agent <rule_based_agent_0> chose action DOWN in 0.00s.
2026-09-21 19:21:59,813 [BombeRLeWorld] INFO: Agent <rule_based_agent_0> stayed within acceptable think time.
2026-09-21 19:21:59,895 [BombeRLeWorld] INFO: STARTING STEP 86
2026-09-21 19:21:59,916 [BombeRLeWorld] INFO: Agent <rule_based_agent_0> chose action RIGHT in 0.00s.
2026-09-21 19:21:59,916 [BombeRLeWorld] INFO: Agent <rule_based_agent_0> stayed within acceptable think time.
2026-09-21 19:21:59,916 [BombeRLeWorld] INFO: Agent <qwm_agent> chose action DOWN in 0.02s.
2026-09-21 19:21:59,916 [BombeRLeWorld] INFO: Agent <qwm_agent> stayed within acceptable think time.
2026-09-21 19:21:59,996 [BombeRLeWorld] INFO: STARTING STEP 87
2026-09-21 19:22:00,016 [BombeRLeWorld] INFO: Agent <rule_based_agent_0> chose action RIGHT in 0.00s.
2026-09-21 19:22:00,016 [BombeRLeWorld] INFO: Agent <rule_based_agent_0> stayed within acceptable think time.
2026-09-21 19:22:00,016 [BombeRLeWorld] INFO: Agent <qwm_agent> chose action DOWN in 0.02s.
2026-09-21 19:22:00,016 [BombeRLeWorld] INFO: Agent <qwm_agent> stayed within acceptable think time.
2026-09-21 19:22:00,016 [BombeRLeWorld] INFO: Agent <rule_based_agent_0>'s bomb at (5, 5) explodes
2026-09-21 19:22:00,096 [BombeRLeWorld] INFO: STARTING STEP 88
2026-09-21 19:22:00,116 [BombeRLeWorld] INFO: Agent <qwm_agent> chose action DOWN in 0.02s.
2026-09-21 19:22:00,116 [BombeRLeWorld] INFO: Agent <qwm_agent> stayed within acceptable think time.
2026-09-21 19:22:00,116 [BombeRLeWorld] INFO: Agent <rule_based_agent_0> chose action LEFT in 0.00s.
2026-09-21 19:22:00,116 [BombeRLeWorld] INFO: Agent <rule_based_agent_0> stayed within acceptable think time.
2026-09-21 19:22:00,197 [BombeRLeWorld] INFO: STARTING STEP 89
2026-09-21 19:22:00,220 [BombeRLeWorld] INFO: Agent <qwm_agent> chose action DOWN in 0.02s.
2026-09-21 19:22:00,220 [BombeRLeWorld] INFO: Agent <qwm_agent> stayed within acceptable think time.
2026-09-21 19:22:00,220 [BombeRLeWorld] INFO: Agent <rule_based_agent_0> chose action LEFT in 0.00s.
2026-09-21 19:22:00,220 [BombeRLeWorld] INFO: Agent <rule_based_agent_0> stayed within acceptable think time.
2026-09-21 19:22:00,297 [BombeRLeWorld] INFO: STARTING STEP 90
2026-09-21 19:22:00,317 [BombeRLeWorld] INFO: Agent <qwm_agent> chose action LEFT in 0.02s.
2026-09-21 19:22:00,317 [BombeRLeWorld] INFO: Agent <qwm_agent> stayed within acceptable think time.
2026-09-21 19:22:00,317 [BombeRLeWorld] INFO: Agent <rule_based_agent_0> chose action UP in 0.00s.
2026-09-21 19:22:00,317 [BombeRLeWorld] INFO: Agent <rule_based_agent_0> stayed within acceptable think time.
2026-09-21 19:22:00,397 [BombeRLeWorld] INFO: STARTING STEP 91
2026-09-21 19:22:00,415 [BombeRLeWorld] INFO: Agent <qwm_agent> chose action BOMB in 0.02s.
2026-09-21 19:22:00,415 [BombeRLeWorld] INFO: Agent <qwm_agent> stayed within acceptable think time.
2026-09-21 19:22:00,415 [BombeRLeWorld] INFO: Agent <qwm_agent> drops bomb at (8, 15)
2026-09-21 19:22:00,415 [BombeRLeWorld] INFO: Agent <rule_based_agent_0> chose action UP in 0.00s.
2026-09-21 19:22:00,415 [BombeRLeWorld] INFO: Agent <rule_based_agent_0> stayed within acceptable think time.
2026-09-21 19:22:00,496 [BombeRLeWorld] INFO: STARTING STEP 92
2026-09-21 19:22:00,519 [BombeRLeWorld] INFO: Agent <qwm_agent> chose action LEFT in 0.02s.
2026-09-21 19:22:00,519 [BombeRLeWorld] INFO: Agent <qwm_agent> stayed within acceptable think time.
2026-09-21 19:22:00,519 [BombeRLeWorld] INFO: Agent <rule_based_agent_0> chose action LEFT in 0.00s.
2026-09-21 19:22:00,519 [BombeRLeWorld] INFO: Agent <rule_based_agent_0> stayed within acceptable think time.
2026-09-21 19:22:00,597 [BombeRLeWorld] INFO: STARTING STEP 93
2026-09-21 19:22:00,616 [BombeRLeWorld] INFO: Agent <rule_based_agent_0> chose action LEFT in 0.00s.
2026-09-21 19:22:00,616 [BombeRLeWorld] INFO: Agent <rule_based_agent_0> stayed within acceptable think time.
2026-09-21 19:22:00,616 [BombeRLeWorld] INFO: Agent <qwm_agent> chose action LEFT in 0.02s.
2026-09-21 19:22:00,616 [BombeRLeWorld] INFO: Agent <qwm_agent> stayed within acceptable think time.
2026-09-21 19:22:00,696 [BombeRLeWorld] INFO: STARTING STEP 94
2026-09-21 19:22:00,714 [BombeRLeWorld] INFO: Agent <qwm_agent> chose action LEFT in 0.02s.
2026-09-21 19:22:00,714 [BombeRLeWorld] INFO: Agent <qwm_agent> stayed within acceptable think time.
2026-09-21 19:22:00,714 [BombeRLeWorld] INFO: Agent <rule_based_agent_0> chose action LEFT in 0.00s.
2026-09-21 19:22:00,714 [BombeRLeWorld] INFO: Agent <rule_based_agent_0> stayed within acceptable think time.
2026-09-21 19:22:00,794 [BombeRLeWorld] INFO: STARTING STEP 95
2026-09-21 19:22:00,814 [BombeRLeWorld] INFO: Agent <rule_based_agent_0> chose action BOMB in 0.00s.
2026-09-21 19:22:00,814 [BombeRLeWorld] INFO: Agent <rule_based_agent_0> stayed within acceptable think time.
2026-09-21 19:22:00,814 [BombeRLeWorld] INFO: Agent <rule_based_agent_0> drops bomb at (2, 5)
2026-09-21 19:22:00,814 [BombeRLeWorld] INFO: Agent <qwm_agent> chose action UP in 0.02s.
2026-09-21 19:22:00,814 [BombeRLeWorld] INFO: Agent <qwm_agent> stayed within acceptable think time.
2026-09-21 19:22:00,814 [BombeRLeWorld] INFO: Agent <qwm_agent>'s bomb at (8, 15) explodes
2026-09-21 19:22:00,897 [BombeRLeWorld] INFO: STARTING STEP 96
2026-09-21 19:22:00,915 [BombeRLeWorld] INFO: Agent <rule_based_agent_0> chose action RIGHT in 0.00s.
2026-09-21 19:22:00,915 [BombeRLeWorld] INFO: Agent <rule_based_agent_0> stayed within acceptable think time.
2026-09-21 19:22:00,915 [BombeRLeWorld] INFO: Agent <qwm_agent> chose action UP in 0.02s.
2026-09-21 19:22:00,915 [BombeRLeWorld] INFO: Agent <qwm_agent> stayed within acceptable think time.
2026-09-21 19:22:00,997 [BombeRLeWorld] INFO: STARTING STEP 97
2026-09-21 19:22:01,016 [BombeRLeWorld] INFO: Agent <rule_based_agent_0> chose action RIGHT in 0.00s.
2026-09-21 19:22:01,016 [BombeRLeWorld] INFO: Agent <rule_based_agent_0> stayed within acceptable think time.
2026-09-21 19:22:01,016 [BombeRLeWorld] INFO: Agent <qwm_agent> chose action UP in 0.02s.
2026-09-21 19:22:01,016 [BombeRLeWorld] INFO: Agent <qwm_agent> stayed within acceptable think time.
2026-09-21 19:22:01,097 [BombeRLeWorld] INFO: STARTING STEP 98
2026-09-21 19:22:01,118 [BombeRLeWorld] INFO: Agent <qwm_agent> chose action UP in 0.02s.
2026-09-21 19:22:01,118 [BombeRLeWorld] INFO: Agent <qwm_agent> stayed within acceptable think time.
2026-09-21 19:22:01,118 [BombeRLeWorld] INFO: Agent <rule_based_agent_0> chose action RIGHT in 0.00s.
2026-09-21 19:22:01,118 [BombeRLeWorld] INFO: Agent <rule_based_agent_0> stayed within acceptable think time.
2026-09-21 19:22:01,197 [BombeRLeWorld] INFO: STARTING STEP 99
2026-09-21 19:22:01,217 [BombeRLeWorld] INFO: Agent <rule_based_agent_0> chose action DOWN in 0.00s.
2026-09-21 19:22:01,218 [BombeRLeWorld] INFO: Agent <rule_based_agent_0> stayed within acceptable think time.
2026-09-21 19:22:01,218 [BombeRLeWorld] INFO: Agent <qwm_agent> chose action RIGHT in 0.02s.
2026-09-21 19:22:01,218 [BombeRLeWorld] INFO: Agent <qwm_agent> stayed within acceptable think time.
2026-09-21 19:22:01,218 [BombeRLeWorld] INFO: Agent <rule_based_agent_0>'s bomb at (2, 5) explodes
2026-09-21 19:22:01,297 [BombeRLeWorld] INFO: STARTING STEP 100
2026-09-21 19:22:01,315 [BombeRLeWorld] INFO: Agent <rule_based_agent_0> chose action DOWN in 0.00s.
2026-09-21 19:22:01,315 [BombeRLeWorld] INFO: Agent <rule_based_agent_0> stayed within acceptable think time.
2026-09-21 19:22:01,315 [BombeRLeWorld] INFO: Agent <qwm_agent> chose action BOMB in 0.02s.
2026-09-21 19:22:01,315 [BombeRLeWorld] INFO: Agent <qwm_agent> stayed within acceptable think time.
2026-09-21 19:22:01,315 [BombeRLeWorld] INFO: Agent <qwm_agent> drops bomb at (6, 11)
2026-09-21 19:22:01,397 [BombeRLeWorld] INFO: STARTING STEP 101
2026-09-21 19:22:01,415 [BombeRLeWorld] INFO: Agent <rule_based_agent_0> chose action UP in 0.00s.
2026-09-21 19:22:01,415 [BombeRLeWorld] INFO: Agent <rule_based_agent_0> stayed within acceptable think time.
2026-09-21 19:22:01,415 [BombeRLeWorld] INFO: Agent <qwm_agent> chose action LEFT in 0.02s.
2026-09-21 19:22:01,415 [BombeRLeWorld] INFO: Agent <qwm_agent> stayed within acceptable think time.
2026-09-21 19:22:01,497 [BombeRLeWorld] INFO: STARTING STEP 102
2026-09-21 19:22:01,519 [BombeRLeWorld] INFO: Agent <rule_based_agent_0> chose action UP in 0.00s.
2026-09-21 19:22:01,519 [BombeRLeWorld] INFO: Agent <rule_based_agent_0> stayed within acceptable think time.
2026-09-21 19:22:01,519 [BombeRLeWorld] INFO: Agent <qwm_agent> chose action UP in 0.02s.
2026-09-21 19:22:01,519 [BombeRLeWorld] INFO: Agent <qwm_agent> stayed within acceptable think time.
2026-09-21 19:22:01,597 [BombeRLeWorld] INFO: STARTING STEP 103
2026-09-21 19:22:01,615 [BombeRLeWorld] INFO: Agent <qwm_agent> chose action UP in 0.02s.
2026-09-21 19:22:01,615 [BombeRLeWorld] INFO: Agent <qwm_agent> stayed within acceptable think time.
2026-09-21 19:22:01,615 [BombeRLeWorld] INFO: Agent <rule_based_agent_0> chose action RIGHT in 0.00s.
2026-09-21 19:22:01,615 [BombeRLeWorld] INFO: Agent <rule_based_agent_0> stayed within acceptable think time.
2026-09-21 19:22:01,697 [BombeRLeWorld] INFO: STARTING STEP 104
2026-09-21 19:22:01,714 [BombeRLeWorld] INFO: Agent <qwm_agent> chose action UP in 0.02s.
2026-09-21 19:22:01,714 [BombeRLeWorld] INFO: Agent <qwm_agent> stayed within acceptable think time.
2026-09-21 19:22:01,714 [BombeRLeWorld] INFO: Agent <rule_based_agent_0> chose action RIGHT in 0.00s.
2026-09-21 19:22:01,714 [BombeRLeWorld] INFO: Agent <rule_based_agent_0> stayed within acceptable think time.
2026-09-21 19:22:01,714 [BombeRLeWorld] INFO: Agent <qwm_agent>'s bomb at (6, 11) explodes
2026-09-21 19:22:01,799 [BombeRLeWorld] INFO: STARTING STEP 105
2026-09-21 19:22:01,818 [BombeRLeWorld] INFO: Agent <rule_based_agent_0> chose action RIGHT in 0.00s.
2026-09-21 19:22:01,818 [BombeRLeWorld] INFO: Agent <rule_based_agent_0> stayed within acceptable think time.
2026-09-21 19:22:01,818 [BombeRLeWorld] INFO: Agent <qwm_agent> chose action UP in 0.02s.
2026-09-21 19:22:01,818 [BombeRLeWorld] INFO: Agent <qwm_agent> stayed within acceptable think time.
2026-09-21 19:22:01,899 [BombeRLeWorld] INFO: STARTING STEP 106
2026-09-21 19:22:01,918 [BombeRLeWorld] INFO: Agent <qwm_agent> chose action RIGHT in 0.02s.
2026-09-21 19:22:01,918 [BombeRLeWorld] INFO: Agent <qwm_agent> stayed within acceptable think time.
2026-09-21 19:22:01,918 [BombeRLeWorld] INFO: Agent <rule_based_agent_0> chose action BOMB in 0.00s.
2026-09-21 19:22:01,918 [BombeRLeWorld] INFO: Agent <rule_based_agent_0> stayed within acceptable think time.
2026-09-21 19:22:01,918 [BombeRLeWorld] INFO: Agent <rule_based_agent_0> drops bomb at (8, 5)
2026-09-21 19:22:01,999 [BombeRLeWorld] INFO: STARTING STEP 107
2026-09-21 19:22:02,018 [BombeRLeWorld] INFO: Agent <qwm_agent> chose action BOMB in 0.02s.
2026-09-21 19:22:02,018 [BombeRLeWorld] INFO: Agent <qwm_agent> stayed within acceptable think time.
2026-09-21 19:22:02,018 [BombeRLeWorld] INFO: Agent <qwm_agent> drops bomb at (6, 7)
2026-09-21 19:22:02,018 [BombeRLeWorld] INFO: Agent <rule_based_agent_0> chose action LEFT in 0.00s.
2026-09-21 19:22:02,018 [BombeRLeWorld] INFO: Agent <rule_based_agent_0> stayed within acceptable think time.
2026-09-21 19:22:02,098 [BombeRLeWorld] INFO: STARTING STEP 108
2026-09-21 19:22:02,118 [BombeRLeWorld] INFO: Agent <qwm_agent> chose action LEFT in 0.02s.
2026-09-21 19:22:02,118 [BombeRLeWorld] INFO: Agent <qwm_agent> stayed within acceptable think time.
2026-09-21 19:22:02,118 [BombeRLeWorld] INFO: Agent <rule_based_agent_0> chose action LEFT in 0.00s.
2026-09-21 19:22:02,118 [BombeRLeWorld] INFO: Agent <rule_based_agent_0> stayed within acceptable think time.
2026-09-21 19:22:02,197 [BombeRLeWorld] INFO: STARTING STEP 109
2026-09-21 19:22:02,216 [BombeRLeWorld] INFO: Agent <rule_based_agent_0> chose action RIGHT in 0.00s.
2026-09-21 19:22:02,216 [BombeRLeWorld] INFO: Agent <rule_based_agent_0> stayed within acceptable think time.
2026-09-21 19:22:02,216 [BombeRLeWorld] INFO: Agent <qwm_agent> chose action DOWN in 0.02s.
2026-09-21 19:22:02,216 [BombeRLeWorld] INFO: Agent <qwm_agent> stayed within acceptable think time.
2026-09-21 19:22:02,298 [BombeRLeWorld] INFO: STARTING STEP 110
2026-09-21 19:22:02,318 [BombeRLeWorld] INFO: Agent <qwm_agent> chose action DOWN in 0.02s.
2026-09-21 19:22:02,318 [BombeRLeWorld] INFO: Agent <qwm_agent> stayed within acceptable think time.
2026-09-21 19:22:02,318 [BombeRLeWorld] INFO: Agent <rule_based_agent_0> chose action None in 0.00s.
2026-09-21 19:22:02,318 [BombeRLeWorld] INFO: Agent <rule_based_agent_0> stayed within acceptable think time.
2026-09-21 19:22:02,318 [BombeRLeWorld] INFO: Agent <rule_based_agent_0>'s bomb at (8, 5) explodes
2026-09-21 19:22:02,318 [BombeRLeWorld] INFO: Agent <rule_based_agent_0> blown up by own bomb
2026-09-21 19:22:02,396 [BombeRLeWorld] INFO: STARTING STEP 111
2026-09-21 19:22:02,411 [BombeRLeWorld] INFO: Agent <qwm_agent> chose action DOWN in 0.02s.
2026-09-21 19:22:02,411 [BombeRLeWorld] INFO: Agent <qwm_agent> stayed within acceptable think time.
2026-09-21 19:22:02,412 [BombeRLeWorld] INFO: Agent <qwm_agent>'s bomb at (6, 7) explodes
2026-09-21 19:22:02,498 [BombeRLeWorld] INFO: STARTING STEP 112
2026-09-21 19:22:02,515 [BombeRLeWorld] INFO: Agent <qwm_agent> chose action DOWN in 0.02s.
2026-09-21 19:22:02,515 [BombeRLeWorld] INFO: Agent <qwm_agent> stayed within acceptable think time.
2026-09-21 19:22:02,598 [BombeRLeWorld] INFO: STARTING STEP 113
2026-09-21 19:22:02,619 [BombeRLeWorld] INFO: Agent <qwm_agent> chose action LEFT in 0.02s.
2026-09-21 19:22:02,619 [BombeRLeWorld] INFO: Agent <qwm_agent> stayed within acceptable think time.
2026-09-21 19:22:02,699 [BombeRLeWorld] INFO: STARTING STEP 114
2026-09-21 19:22:02,718 [BombeRLeWorld] INFO: Agent <qwm_agent> chose action LEFT in 0.02s.
2026-09-21 19:22:02,718 [BombeRLeWorld] INFO: Agent <qwm_agent> stayed within acceptable think time.
2026-09-21 19:22:02,798 [BombeRLeWorld] INFO: STARTING STEP 115
2026-09-21 19:22:02,819 [BombeRLeWorld] INFO: Agent <qwm_agent> chose action DOWN in 0.02s.
2026-09-21 19:22:02,819 [BombeRLeWorld] INFO: Agent <qwm_agent> stayed within acceptable think time.
2026-09-21 19:22:02,898 [BombeRLeWorld] INFO: STARTING STEP 116
2026-09-21 19:22:02,915 [BombeRLeWorld] INFO: Agent <qwm_agent> chose action BOMB in 0.02s.
2026-09-21 19:22:02,915 [BombeRLeWorld] INFO: Agent <qwm_agent> stayed within acceptable think time.
2026-09-21 19:22:02,915 [BombeRLeWorld] INFO: Agent <qwm_agent> drops bomb at (3, 12)
2026-09-21 19:22:02,999 [BombeRLeWorld] INFO: STARTING STEP 117
2026-09-21 19:22:03,015 [BombeRLeWorld] INFO: Agent <qwm_agent> chose action UP in 0.02s.
2026-09-21 19:22:03,015 [BombeRLeWorld] INFO: Agent <qwm_agent> stayed within acceptable think time.
2026-09-21 19:22:03,095 [BombeRLeWorld] INFO: STARTING STEP 118
2026-09-21 19:22:03,115 [BombeRLeWorld] INFO: Agent <qwm_agent> chose action LEFT in 0.02s.
2026-09-21 19:22:03,115 [BombeRLeWorld] INFO: Agent <qwm_agent> stayed within acceptable think time.
2026-09-21 19:22:03,196 [BombeRLeWorld] INFO: STARTING STEP 119
2026-09-21 19:22:03,212 [BombeRLeWorld] INFO: Agent <qwm_agent> chose action LEFT in 0.02s.
2026-09-21 19:22:03,212 [BombeRLeWorld] INFO: Agent <qwm_agent> stayed within acceptable think time.
2026-09-21 19:22:03,297 [BombeRLeWorld] INFO: STARTING STEP 120
2026-09-21 19:22:03,313 [BombeRLeWorld] INFO: Agent <qwm_agent> chose action UP in 0.02s.
2026-09-21 19:22:03,313 [BombeRLeWorld] INFO: Agent <qwm_agent> stayed within acceptable think time.
2026-09-21 19:22:03,313 [BombeRLeWorld] INFO: Agent <qwm_agent>'s bomb at (3, 12) explodes
2026-09-21 19:22:03,397 [BombeRLeWorld] INFO: STARTING STEP 121
2026-09-21 19:22:03,414 [BombeRLeWorld] INFO: Agent <qwm_agent> chose action UP in 0.02s.
2026-09-21 19:22:03,414 [BombeRLeWorld] INFO: Agent <qwm_agent> stayed within acceptable think time.
2026-09-21 19:22:03,497 [BombeRLeWorld] INFO: STARTING STEP 122
2026-09-21 19:22:03,513 [BombeRLeWorld] INFO: Agent <qwm_agent> chose action RIGHT in 0.02s.
2026-09-21 19:22:03,514 [BombeRLeWorld] INFO: Agent <qwm_agent> stayed within acceptable think time.
2026-09-21 19:22:03,599 [BombeRLeWorld] INFO: STARTING STEP 123
2026-09-21 19:22:03,616 [BombeRLeWorld] INFO: Agent <qwm_agent> chose action BOMB in 0.02s.
2026-09-21 19:22:03,616 [BombeRLeWorld] INFO: Agent <qwm_agent> stayed within acceptable think time.
2026-09-21 19:22:03,616 [BombeRLeWorld] INFO: Agent <qwm_agent> drops bomb at (2, 9)
2026-09-21 19:22:03,698 [BombeRLeWorld] INFO: STARTING STEP 124
2026-09-21 19:22:03,715 [BombeRLeWorld] INFO: Agent <qwm_agent> chose action RIGHT in 0.02s.
2026-09-21 19:22:03,715 [BombeRLeWorld] INFO: Agent <qwm_agent> stayed within acceptable think time.
2026-09-21 19:22:03,799 [BombeRLeWorld] INFO: STARTING STEP 125
2026-09-21 19:22:03,817 [BombeRLeWorld] INFO: Agent <qwm_agent> chose action DOWN in 0.02s.
2026-09-21 19:22:03,817 [BombeRLeWorld] INFO: Agent <qwm_agent> stayed within acceptable think time.
2026-09-21 19:22:03,898 [BombeRLeWorld] INFO: STARTING STEP 126
2026-09-21 19:22:03,916 [BombeRLeWorld] INFO: Agent <qwm_agent> chose action DOWN in 0.02s.
2026-09-21 19:22:03,916 [BombeRLeWorld] INFO: Agent <qwm_agent> stayed within acceptable think time.
2026-09-21 19:22:03,996 [BombeRLeWorld] INFO: STARTING STEP 127
2026-09-21 19:22:04,014 [BombeRLeWorld] INFO: Agent <qwm_agent> chose action RIGHT in 0.02s.
2026-09-21 19:22:04,014 [BombeRLeWorld] INFO: Agent <qwm_agent> stayed within acceptable think time.
2026-09-21 19:22:04,014 [BombeRLeWorld] INFO: Agent <qwm_agent>'s bomb at (2, 9) explodes
2026-09-21 19:22:04,097 [BombeRLeWorld] INFO: STARTING STEP 128
2026-09-21 19:22:04,118 [BombeRLeWorld] INFO: Agent <qwm_agent> chose action LEFT in 0.02s.
2026-09-21 19:22:04,118 [BombeRLeWorld] INFO: Agent <qwm_agent> stayed within acceptable think time.
2026-09-21 19:22:04,199 [BombeRLeWorld] INFO: STARTING STEP 129
2026-09-21 19:22:04,218 [BombeRLeWorld] INFO: Agent <qwm_agent> chose action UP in 0.02s.
2026-09-21 19:22:04,219 [BombeRLeWorld] INFO: Agent <qwm_agent> stayed within acceptable think time.
2026-09-21 19:22:04,298 [BombeRLeWorld] INFO: STARTING STEP 130
2026-09-21 19:22:04,316 [BombeRLeWorld] INFO: Agent <qwm_agent> chose action BOMB in 0.02s.
2026-09-21 19:22:04,316 [BombeRLeWorld] INFO: Agent <qwm_agent> stayed within acceptable think time.
2026-09-21 19:22:04,316 [BombeRLeWorld] INFO: Agent <qwm_agent> drops bomb at (3, 10)
2026-09-21 19:22:04,397 [BombeRLeWorld] INFO: STARTING STEP 131
2026-09-21 19:22:04,416 [BombeRLeWorld] INFO: Agent <qwm_agent> chose action UP in 0.02s.
2026-09-21 19:22:04,416 [BombeRLeWorld] INFO: Agent <qwm_agent> stayed within acceptable think time.
2026-09-21 19:22:04,497 [BombeRLeWorld] INFO: STARTING STEP 132
2026-09-21 19:22:04,515 [BombeRLeWorld] INFO: Agent <qwm_agent> chose action RIGHT in 0.02s.
2026-09-21 19:22:04,515 [BombeRLeWorld] INFO: Agent <qwm_agent> stayed within acceptable think time.
2026-09-21 19:22:04,599 [BombeRLeWorld] INFO: STARTING STEP 133
2026-09-21 19:22:04,618 [BombeRLeWorld] INFO: Agent <qwm_agent> chose action WAIT in 0.02s.
2026-09-21 19:22:04,618 [BombeRLeWorld] INFO: Agent <qwm_agent> stayed within acceptable think time.
2026-09-21 19:22:04,697 [BombeRLeWorld] INFO: STARTING STEP 134
2026-09-21 19:22:04,715 [BombeRLeWorld] INFO: Agent <qwm_agent> chose action WAIT in 0.02s.
2026-09-21 19:22:04,715 [BombeRLeWorld] INFO: Agent <qwm_agent> stayed within acceptable think time.
2026-09-21 19:22:04,715 [BombeRLeWorld] INFO: Agent <qwm_agent>'s bomb at (3, 10) explodes
2026-09-21 19:22:04,799 [BombeRLeWorld] INFO: STARTING STEP 135
2026-09-21 19:22:04,817 [BombeRLeWorld] INFO: Agent <qwm_agent> chose action WAIT in 0.02s.
2026-09-21 19:22:04,818 [BombeRLeWorld] INFO: Agent <qwm_agent> stayed within acceptable think time.
2026-09-21 19:22:04,898 [BombeRLeWorld] INFO: STARTING STEP 136
2026-09-21 19:22:04,917 [BombeRLeWorld] INFO: Agent <qwm_agent> chose action RIGHT in 0.02s.
2026-09-21 19:22:04,917 [BombeRLeWorld] INFO: Agent <qwm_agent> stayed within acceptable think time.
2026-09-21 19:22:04,997 [BombeRLeWorld] INFO: STARTING STEP 137
2026-09-21 19:22:05,015 [BombeRLeWorld] INFO: Agent <qwm_agent> chose action BOMB in 0.02s.
2026-09-21 19:22:05,015 [BombeRLeWorld] INFO: Agent <qwm_agent> stayed within acceptable think time.
2026-09-21 19:22:05,015 [BombeRLeWorld] INFO: Agent <qwm_agent> drops bomb at (5, 9)
2026-09-21 19:22:05,098 [BombeRLeWorld] INFO: STARTING STEP 138
2026-09-21 19:22:05,115 [BombeRLeWorld] INFO: Agent <qwm_agent> chose action UP in 0.02s.
2026-09-21 19:22:05,115 [BombeRLeWorld] INFO: Agent <qwm_agent> stayed within acceptable think time.
2026-09-21 19:22:05,199 [BombeRLeWorld] INFO: STARTING STEP 139
2026-09-21 19:22:05,217 [BombeRLeWorld] INFO: Agent <qwm_agent> chose action UP in 0.02s.
2026-09-21 19:22:05,217 [BombeRLeWorld] INFO: Agent <qwm_agent> stayed within acceptable think time.
2026-09-21 19:22:05,297 [BombeRLeWorld] INFO: STARTING STEP 140
2026-09-21 19:22:05,316 [BombeRLeWorld] INFO: Agent <qwm_agent> chose action RIGHT in 0.02s.
2026-09-21 19:22:05,316 [BombeRLeWorld] INFO: Agent <qwm_agent> stayed within acceptable think time.
2026-09-21 19:22:05,398 [BombeRLeWorld] INFO: STARTING STEP 141
2026-09-21 19:22:05,417 [BombeRLeWorld] INFO: Agent <qwm_agent> chose action RIGHT in 0.02s.
2026-09-21 19:22:05,417 [BombeRLeWorld] INFO: Agent <qwm_agent> stayed within acceptable think time.
2026-09-21 19:22:05,417 [BombeRLeWorld] INFO: Agent <qwm_agent>'s bomb at (5, 9) explodes
2026-09-21 19:22:05,500 [BombeRLeWorld] INFO: STARTING STEP 142
2026-09-21 19:22:05,520 [BombeRLeWorld] INFO: Agent <qwm_agent> chose action RIGHT in 0.02s.
2026-09-21 19:22:05,520 [BombeRLeWorld] INFO: Agent <qwm_agent> stayed within acceptable think time.
2026-09-21 19:22:05,598 [BombeRLeWorld] INFO: STARTING STEP 143
2026-09-21 19:22:05,615 [BombeRLeWorld] INFO: Agent <qwm_agent> chose action RIGHT in 0.02s.
2026-09-21 19:22:05,615 [BombeRLeWorld] INFO: Agent <qwm_agent> stayed within acceptable think time.
2026-09-21 19:22:05,698 [BombeRLeWorld] INFO: STARTING STEP 144
2026-09-21 19:22:05,717 [BombeRLeWorld] INFO: Agent <qwm_agent> chose action DOWN in 0.02s.
2026-09-21 19:22:05,717 [BombeRLeWorld] INFO: Agent <qwm_agent> stayed within acceptable think time.
2026-09-21 19:22:05,798 [BombeRLeWorld] INFO: STARTING STEP 145
2026-09-21 19:22:05,818 [BombeRLeWorld] INFO: Agent <qwm_agent> chose action BOMB in 0.02s.
2026-09-21 19:22:05,818 [BombeRLeWorld] INFO: Agent <qwm_agent> stayed within acceptable think time.
2026-09-21 19:22:05,818 [BombeRLeWorld] INFO: Agent <qwm_agent> drops bomb at (9, 8)
2026-09-21 19:22:05,898 [BombeRLeWorld] INFO: STARTING STEP 146
2026-09-21 19:22:05,917 [BombeRLeWorld] INFO: Agent <qwm_agent> chose action UP in 0.02s.
2026-09-21 19:22:05,917 [BombeRLeWorld] INFO: Agent <qwm_agent> stayed within acceptable think time.
2026-09-21 19:22:05,998 [BombeRLeWorld] INFO: STARTING STEP 147
2026-09-21 19:22:06,017 [BombeRLeWorld] INFO: Agent <qwm_agent> chose action RIGHT in 0.02s.
2026-09-21 19:22:06,017 [BombeRLeWorld] INFO: Agent <qwm_agent> stayed within acceptable think time.
2026-09-21 19:22:06,100 [BombeRLeWorld] INFO: STARTING STEP 148
2026-09-21 19:22:06,116 [BombeRLeWorld] INFO: Agent <qwm_agent> chose action RIGHT in 0.02s.
2026-09-21 19:22:06,117 [BombeRLeWorld] INFO: Agent <qwm_agent> stayed within acceptable think time.
2026-09-21 19:22:06,199 [BombeRLeWorld] INFO: STARTING STEP 149
2026-09-21 19:22:06,215 [BombeRLeWorld] INFO: Agent <qwm_agent> chose action RIGHT in 0.02s.
2026-09-21 19:22:06,215 [BombeRLeWorld] INFO: Agent <qwm_agent> stayed within acceptable think time.
2026-09-21 19:22:06,215 [BombeRLeWorld] INFO: Agent <qwm_agent>'s bomb at (9, 8) explodes
2026-09-21 19:22:06,299 [BombeRLeWorld] INFO: STARTING STEP 150
2026-09-21 19:22:06,317 [BombeRLeWorld] INFO: Agent <qwm_agent> chose action RIGHT in 0.02s.
2026-09-21 19:22:06,317 [BombeRLeWorld] INFO: Agent <qwm_agent> stayed within acceptable think time.
2026-09-21 19:22:06,398 [BombeRLeWorld] INFO: STARTING STEP 151
2026-09-21 19:22:06,418 [BombeRLeWorld] INFO: Agent <qwm_agent> chose action UP in 0.02s.
2026-09-21 19:22:06,418 [BombeRLeWorld] INFO: Agent <qwm_agent> stayed within acceptable think time.
2026-09-21 19:22:06,500 [BombeRLeWorld] INFO: STARTING STEP 152
2026-09-21 19:22:06,518 [BombeRLeWorld] INFO: Agent <qwm_agent> chose action UP in 0.02s.
2026-09-21 19:22:06,518 [BombeRLeWorld] INFO: Agent <qwm_agent> stayed within acceptable think time.
2026-09-21 19:22:06,598 [BombeRLeWorld] INFO: STARTING STEP 153
2026-09-21 19:22:06,615 [BombeRLeWorld] INFO: Agent <qwm_agent> chose action RIGHT in 0.02s.
2026-09-21 19:22:06,616 [BombeRLeWorld] INFO: Agent <qwm_agent> stayed within acceptable think time.
2026-09-21 19:22:06,698 [BombeRLeWorld] INFO: STARTING STEP 154
2026-09-21 19:22:06,715 [BombeRLeWorld] INFO: Agent <qwm_agent> chose action BOMB in 0.02s.
2026-09-21 19:22:06,715 [BombeRLeWorld] INFO: Agent <qwm_agent> stayed within acceptable think time.
2026-09-21 19:22:06,715 [BombeRLeWorld] INFO: Agent <qwm_agent> drops bomb at (14, 5)
2026-09-21 19:22:06,801 [BombeRLeWorld] INFO: STARTING STEP 155
2026-09-21 19:22:06,821 [BombeRLeWorld] INFO: Agent <qwm_agent> chose action LEFT in 0.02s.
2026-09-21 19:22:06,821 [BombeRLeWorld] INFO: Agent <qwm_agent> stayed within acceptable think time.
2026-09-21 19:22:06,899 [BombeRLeWorld] INFO: STARTING STEP 156
2026-09-21 19:22:06,918 [BombeRLeWorld] INFO: Agent <qwm_agent> chose action DOWN in 0.02s.
2026-09-21 19:22:06,918 [BombeRLeWorld] INFO: Agent <qwm_agent> stayed within acceptable think time.
2026-09-21 19:22:06,999 [BombeRLeWorld] INFO: STARTING STEP 157
2026-09-21 19:22:07,019 [BombeRLeWorld] INFO: Agent <qwm_agent> chose action DOWN in 0.02s.
2026-09-21 19:22:07,020 [BombeRLeWorld] INFO: Agent <qwm_agent> stayed within acceptable think time.
2026-09-21 19:22:07,098 [BombeRLeWorld] INFO: STARTING STEP 158
2026-09-21 19:22:07,119 [BombeRLeWorld] INFO: Agent <qwm_agent> chose action RIGHT in 0.02s.
2026-09-21 19:22:07,119 [BombeRLeWorld] INFO: Agent <qwm_agent> stayed within acceptable think time.
2026-09-21 19:22:07,119 [BombeRLeWorld] INFO: Agent <qwm_agent>'s bomb at (14, 5) explodes
2026-09-21 19:22:07,199 [BombeRLeWorld] INFO: STARTING STEP 159
2026-09-21 19:22:07,217 [BombeRLeWorld] INFO: Agent <qwm_agent> chose action RIGHT in 0.02s.
2026-09-21 19:22:07,217 [BombeRLeWorld] INFO: Agent <qwm_agent> stayed within acceptable think time.
2026-09-21 19:22:07,299 [BombeRLeWorld] INFO: STARTING STEP 160
2026-09-21 19:22:07,317 [BombeRLeWorld] INFO: Agent <qwm_agent> chose action UP in 0.02s.
2026-09-21 19:22:07,317 [BombeRLeWorld] INFO: Agent <qwm_agent> stayed within acceptable think time.
2026-09-21 19:22:07,399 [BombeRLeWorld] INFO: STARTING STEP 161
2026-09-21 19:22:07,417 [BombeRLeWorld] INFO: Agent <qwm_agent> chose action UP in 0.02s.
2026-09-21 19:22:07,417 [BombeRLeWorld] INFO: Agent <qwm_agent> stayed within acceptable think time.
2026-09-21 19:22:07,499 [BombeRLeWorld] INFO: STARTING STEP 162
2026-09-21 19:22:07,518 [BombeRLeWorld] INFO: Agent <qwm_agent> chose action UP in 0.02s.
2026-09-21 19:22:07,518 [BombeRLeWorld] INFO: Agent <qwm_agent> stayed within acceptable think time.
2026-09-21 19:22:07,601 [BombeRLeWorld] INFO: STARTING STEP 163
2026-09-21 19:22:07,618 [BombeRLeWorld] INFO: Agent <qwm_agent> chose action UP in 0.02s.
2026-09-21 19:22:07,618 [BombeRLeWorld] INFO: Agent <qwm_agent> stayed within acceptable think time.
2026-09-21 19:22:07,701 [BombeRLeWorld] INFO: STARTING STEP 164
2026-09-21 19:22:07,717 [BombeRLeWorld] INFO: Agent <qwm_agent> chose action UP in 0.02s.
2026-09-21 19:22:07,717 [BombeRLeWorld] INFO: Agent <qwm_agent> stayed within acceptable think time.
2026-09-21 19:22:07,799 [BombeRLeWorld] INFO: STARTING STEP 165
2026-09-21 19:22:07,814 [BombeRLeWorld] INFO: Agent <qwm_agent> chose action UP in 0.02s.
2026-09-21 19:22:07,814 [BombeRLeWorld] INFO: Agent <qwm_agent> stayed within acceptable think time.
2026-09-21 19:22:07,899 [BombeRLeWorld] INFO: STARTING STEP 166
2026-09-21 19:22:07,915 [BombeRLeWorld] INFO: Agent <qwm_agent> chose action LEFT in 0.02s.
2026-09-21 19:22:07,916 [BombeRLeWorld] INFO: Agent <qwm_agent> stayed within acceptable think time.
2026-09-21 19:22:08,001 [BombeRLeWorld] INFO: STARTING STEP 167
2026-09-21 19:22:08,018 [BombeRLeWorld] INFO: Agent <qwm_agent> chose action RIGHT in 0.02s.
2026-09-21 19:22:08,019 [BombeRLeWorld] INFO: Agent <qwm_agent> stayed within acceptable think time.
2026-09-21 19:22:08,099 [BombeRLeWorld] INFO: STARTING STEP 168
2026-09-21 19:22:08,116 [BombeRLeWorld] INFO: Agent <qwm_agent> chose action DOWN in 0.02s.
2026-09-21 19:22:08,116 [BombeRLeWorld] INFO: Agent <qwm_agent> stayed within acceptable think time.
2026-09-21 19:22:08,202 [BombeRLeWorld] INFO: STARTING STEP 169
2026-09-21 19:22:08,216 [BombeRLeWorld] INFO: Agent <qwm_agent> chose action BOMB in 0.01s.
2026-09-21 19:22:08,217 [BombeRLeWorld] INFO: Agent <qwm_agent> stayed within acceptable think time.
2026-09-21 19:22:08,217 [BombeRLeWorld] INFO: Agent <qwm_agent> drops bomb at (15, 2)
2026-09-21 19:22:08,300 [BombeRLeWorld] INFO: STARTING STEP 170
2026-09-21 19:22:08,317 [BombeRLeWorld] INFO: Agent <qwm_agent> chose action DOWN in 0.02s.
2026-09-21 19:22:08,317 [BombeRLeWorld] INFO: Agent <qwm_agent> stayed within acceptable think time.
2026-09-21 19:22:08,400 [BombeRLeWorld] INFO: STARTING STEP 171
2026-09-21 19:22:08,416 [BombeRLeWorld] INFO: Agent <qwm_agent> chose action DOWN in 0.02s.
2026-09-21 19:22:08,416 [BombeRLeWorld] INFO: Agent <qwm_agent> stayed within acceptable think time.
2026-09-21 19:22:08,501 [BombeRLeWorld] INFO: STARTING STEP 172
2026-09-21 19:22:08,519 [BombeRLeWorld] INFO: Agent <qwm_agent> chose action DOWN in 0.02s.
2026-09-21 19:22:08,519 [BombeRLeWorld] INFO: Agent <qwm_agent> stayed within acceptable think time.
2026-09-21 19:22:08,601 [BombeRLeWorld] INFO: STARTING STEP 173
2026-09-21 19:22:08,619 [BombeRLeWorld] INFO: Agent <qwm_agent> chose action LEFT in 0.02s.
2026-09-21 19:22:08,619 [BombeRLeWorld] INFO: Agent <qwm_agent> stayed within acceptable think time.
2026-09-21 19:22:08,619 [BombeRLeWorld] INFO: Agent <qwm_agent>'s bomb at (15, 2) explodes
2026-09-21 19:22:08,701 [BombeRLeWorld] INFO: STARTING STEP 174
2026-09-21 19:22:08,722 [BombeRLeWorld] INFO: Agent <qwm_agent> chose action LEFT in 0.02s.
2026-09-21 19:22:08,722 [BombeRLeWorld] INFO: Agent <qwm_agent> stayed within acceptable think time.
2026-09-21 19:22:08,801 [BombeRLeWorld] INFO: STARTING STEP 175
2026-09-21 19:22:08,821 [BombeRLeWorld] INFO: Agent <qwm_agent> chose action UP in 0.02s.
2026-09-21 19:22:08,821 [BombeRLeWorld] INFO: Agent <qwm_agent> stayed within acceptable think time.
2026-09-21 19:22:08,900 [BombeRLeWorld] INFO: STARTING STEP 176
2026-09-21 19:22:08,917 [BombeRLeWorld] INFO: Agent <qwm_agent> chose action UP in 0.02s.
2026-09-21 19:22:08,917 [BombeRLeWorld] INFO: Agent <qwm_agent> stayed within acceptable think time.
2026-09-21 19:22:09,001 [BombeRLeWorld] INFO: STARTING STEP 177
2026-09-21 19:22:09,019 [BombeRLeWorld] INFO: Agent <qwm_agent> chose action UP in 0.02s.
2026-09-21 19:22:09,019 [BombeRLeWorld] INFO: Agent <qwm_agent> stayed within acceptable think time.
2026-09-21 19:22:09,101 [BombeRLeWorld] INFO: STARTING STEP 178
2026-09-21 19:22:09,120 [BombeRLeWorld] INFO: Agent <qwm_agent> chose action UP in 0.02s.
2026-09-21 19:22:09,120 [BombeRLeWorld] INFO: Agent <qwm_agent> stayed within acceptable think time.
2026-09-21 19:22:09,201 [BombeRLeWorld] INFO: STARTING STEP 179
2026-09-21 19:22:09,219 [BombeRLeWorld] INFO: Agent <qwm_agent> chose action LEFT in 0.02s.
2026-09-21 19:22:09,219 [BombeRLeWorld] INFO: Agent <qwm_agent> stayed within acceptable think time.
2026-09-21 19:22:09,301 [BombeRLeWorld] INFO: STARTING STEP 180
2026-09-21 19:22:09,320 [BombeRLeWorld] INFO: Agent <qwm_agent> chose action BOMB in 0.02s.
2026-09-21 19:22:09,320 [BombeRLeWorld] INFO: Agent <qwm_agent> stayed within acceptable think time.
2026-09-21 19:22:09,320 [BombeRLeWorld] INFO: Agent <qwm_agent> drops bomb at (12, 1)
2026-09-21 19:22:09,401 [BombeRLeWorld] INFO: STARTING STEP 181
2026-09-21 19:22:09,418 [BombeRLeWorld] INFO: Agent <qwm_agent> chose action RIGHT in 0.02s.
2026-09-21 19:22:09,418 [BombeRLeWorld] INFO: Agent <qwm_agent> stayed within acceptable think time.
2026-09-21 19:22:09,500 [BombeRLeWorld] INFO: STARTING STEP 182
2026-09-21 19:22:09,518 [BombeRLeWorld] INFO: Agent <qwm_agent> chose action DOWN in 0.02s.
2026-09-21 19:22:09,518 [BombeRLeWorld] INFO: Agent <qwm_agent> stayed within acceptable think time.
2026-09-21 19:22:09,602 [BombeRLeWorld] INFO: STARTING STEP 183
2026-09-21 19:22:09,618 [BombeRLeWorld] INFO: Agent <qwm_agent> chose action DOWN in 0.02s.
2026-09-21 19:22:09,618 [BombeRLeWorld] INFO: Agent <qwm_agent> stayed within acceptable think time.
2026-09-21 19:22:09,702 [BombeRLeWorld] INFO: STARTING STEP 184
2026-09-21 19:22:09,719 [BombeRLeWorld] INFO: Agent <qwm_agent> chose action DOWN in 0.02s.
2026-09-21 19:22:09,719 [BombeRLeWorld] INFO: Agent <qwm_agent> stayed within acceptable think time.
2026-09-21 19:22:09,719 [BombeRLeWorld] INFO: Agent <qwm_agent>'s bomb at (12, 1) explodes
2026-09-21 19:22:09,719 [BombeRLeWorld] INFO: Coin found at (9, 1)
2026-09-21 19:22:09,802 [BombeRLeWorld] INFO: STARTING STEP 185
2026-09-21 19:22:09,822 [BombeRLeWorld] INFO: Agent <qwm_agent> chose action DOWN in 0.02s.
2026-09-21 19:22:09,822 [BombeRLeWorld] INFO: Agent <qwm_agent> stayed within acceptable think time.
2026-09-21 19:22:09,901 [BombeRLeWorld] INFO: STARTING STEP 186
2026-09-21 19:22:09,921 [BombeRLeWorld] INFO: Agent <qwm_agent> chose action LEFT in 0.02s.
2026-09-21 19:22:09,921 [BombeRLeWorld] INFO: Agent <qwm_agent> stayed within acceptable think time.
2026-09-21 19:22:10,002 [BombeRLeWorld] INFO: STARTING STEP 187
2026-09-21 19:22:10,021 [BombeRLeWorld] INFO: Agent <qwm_agent> chose action LEFT in 0.02s.
2026-09-21 19:22:10,021 [BombeRLeWorld] INFO: Agent <qwm_agent> stayed within acceptable think time.
2026-09-21 19:22:10,101 [BombeRLeWorld] INFO: STARTING STEP 188
2026-09-21 19:22:10,120 [BombeRLeWorld] INFO: Agent <qwm_agent> chose action BOMB in 0.02s.
2026-09-21 19:22:10,120 [BombeRLeWorld] INFO: Agent <qwm_agent> stayed within acceptable think time.
2026-09-21 19:22:10,120 [BombeRLeWorld] INFO: Agent <qwm_agent> drops bomb at (11, 5)
2026-09-21 19:22:10,201 [BombeRLeWorld] INFO: STARTING STEP 189
2026-09-21 19:22:10,221 [BombeRLeWorld] INFO: Agent <qwm_agent> chose action RIGHT in 0.02s.
2026-09-21 19:22:10,221 [BombeRLeWorld] INFO: Agent <qwm_agent> stayed within acceptable think time.
2026-09-21 19:22:10,301 [BombeRLeWorld] INFO: STARTING STEP 190
2026-09-21 19:22:10,322 [BombeRLeWorld] INFO: Agent <qwm_agent> chose action RIGHT in 0.02s.
2026-09-21 19:22:10,322 [BombeRLeWorld] INFO: Agent <qwm_agent> stayed within acceptable think time.
2026-09-21 19:22:10,402 [BombeRLeWorld] INFO: STARTING STEP 191
2026-09-21 19:22:10,419 [BombeRLeWorld] INFO: Agent <qwm_agent> chose action UP in 0.02s.
2026-09-21 19:22:10,419 [BombeRLeWorld] INFO: Agent <qwm_agent> stayed within acceptable think time.
2026-09-21 19:22:10,501 [BombeRLeWorld] INFO: STARTING STEP 192
2026-09-21 19:22:10,518 [BombeRLeWorld] INFO: Agent <qwm_agent> chose action UP in 0.02s.
2026-09-21 19:22:10,518 [BombeRLeWorld] INFO: Agent <qwm_agent> stayed within acceptable think time.
2026-09-21 19:22:10,518 [BombeRLeWorld] INFO: Agent <qwm_agent>'s bomb at (11, 5) explodes
2026-09-21 19:22:10,518 [BombeRLeWorld] INFO: Coin found at (11, 2)
2026-09-21 19:22:10,602 [BombeRLeWorld] INFO: STARTING STEP 193
2026-09-21 19:22:10,622 [BombeRLeWorld] INFO: Agent <qwm_agent> chose action UP in 0.02s.
2026-09-21 19:22:10,622 [BombeRLeWorld] INFO: Agent <qwm_agent> stayed within acceptable think time.
2026-09-21 19:22:10,705 [BombeRLeWorld] INFO: STARTING STEP 194
2026-09-21 19:22:10,724 [BombeRLeWorld] INFO: Agent <qwm_agent> chose action UP in 0.02s.
2026-09-21 19:22:10,724 [BombeRLeWorld] INFO: Agent <qwm_agent> stayed within acceptable think time.
2026-09-21 19:22:10,803 [BombeRLeWorld] INFO: STARTING STEP 195
2026-09-21 19:22:10,820 [BombeRLeWorld] INFO: Agent <qwm_agent> chose action LEFT in 0.02s.
2026-09-21 19:22:10,820 [BombeRLeWorld] INFO: Agent <qwm_agent> stayed within acceptable think time.
2026-09-21 19:22:10,902 [BombeRLeWorld] INFO: STARTING STEP 196
2026-09-21 19:22:10,919 [BombeRLeWorld] INFO: Agent <qwm_agent> chose action LEFT in 0.02s.
2026-09-21 19:22:10,919 [BombeRLeWorld] INFO: Agent <qwm_agent> stayed within acceptable think time.
2026-09-21 19:22:11,002 [BombeRLeWorld] INFO: STARTING STEP 197
2026-09-21 19:22:11,019 [BombeRLeWorld] INFO: Agent <qwm_agent> chose action DOWN in 0.02s.
2026-09-21 19:22:11,019 [BombeRLeWorld] INFO: Agent <qwm_agent> stayed within acceptable think time.
2026-09-21 19:22:11,019 [BombeRLeWorld] INFO: Agent <qwm_agent> picked up coin at (11, 2) and receives 1 point
2026-09-21 19:22:11,103 [BombeRLeWorld] INFO: STARTING STEP 198
2026-09-21 19:22:11,120 [BombeRLeWorld] INFO: Agent <qwm_agent> chose action UP in 0.02s.
2026-09-21 19:22:11,120 [BombeRLeWorld] INFO: Agent <qwm_agent> stayed within acceptable think time.
2026-09-21 19:22:11,202 [BombeRLeWorld] INFO: STARTING STEP 199
2026-09-21 19:22:11,224 [BombeRLeWorld] INFO: Agent <qwm_agent> chose action LEFT in 0.02s.
2026-09-21 19:22:11,224 [BombeRLeWorld] INFO: Agent <qwm_agent> stayed within acceptable think time.
2026-09-21 19:22:11,302 [BombeRLeWorld] INFO: STARTING STEP 200
2026-09-21 19:22:11,319 [BombeRLeWorld] INFO: Agent <qwm_agent> chose action LEFT in 0.02s.
2026-09-21 19:22:11,319 [BombeRLeWorld] INFO: Agent <qwm_agent> stayed within acceptable think time.
2026-09-21 19:22:11,319 [BombeRLeWorld] INFO: Agent <qwm_agent> picked up coin at (9, 1) and receives 1 point
2026-09-21 19:22:11,402 [BombeRLeWorld] INFO: STARTING STEP 201
2026-09-21 19:22:11,419 [BombeRLeWorld] INFO: Agent <qwm_agent> chose action DOWN in 0.02s.
2026-09-21 19:22:11,419 [BombeRLeWorld] INFO: Agent <qwm_agent> stayed within acceptable think time.
2026-09-21 19:22:11,503 [BombeRLeWorld] INFO: STARTING STEP 202
2026-09-21 19:22:11,519 [BombeRLeWorld] INFO: Agent <qwm_agent> chose action BOMB in 0.02s.
2026-09-21 19:22:11,519 [BombeRLeWorld] INFO: Agent <qwm_agent> stayed within acceptable think time.
2026-09-21 19:22:11,519 [BombeRLeWorld] INFO: Agent <qwm_agent> drops bomb at (9, 2)
2026-09-21 19:22:11,602 [BombeRLeWorld] INFO: STARTING STEP 203
2026-09-21 19:22:11,619 [BombeRLeWorld] INFO: Agent <qwm_agent> chose action UP in 0.02s.
2026-09-21 19:22:11,619 [BombeRLeWorld] INFO: Agent <qwm_agent> stayed within acceptable think time.
2026-09-21 19:22:11,703 [BombeRLeWorld] INFO: STARTING STEP 204
2026-09-21 19:22:11,721 [BombeRLeWorld] INFO: Agent <qwm_agent> chose action RIGHT in 0.02s.
2026-09-21 19:22:11,722 [BombeRLeWorld] INFO: Agent <qwm_agent> stayed within acceptable think time.
2026-09-21 19:22:11,803 [BombeRLeWorld] INFO: STARTING STEP 205
2026-09-21 19:22:11,820 [BombeRLeWorld] INFO: Agent <qwm_agent> chose action RIGHT in 0.02s.
2026-09-21 19:22:11,820 [BombeRLeWorld] INFO: Agent <qwm_agent> stayed within acceptable think time.
2026-09-21 19:22:11,902 [BombeRLeWorld] INFO: STARTING STEP 206
2026-09-21 19:22:11,918 [BombeRLeWorld] INFO: Agent <qwm_agent> chose action DOWN in 0.02s.
2026-09-21 19:22:11,918 [BombeRLeWorld] INFO: Agent <qwm_agent> stayed within acceptable think time.
2026-09-21 19:22:11,919 [BombeRLeWorld] INFO: Agent <qwm_agent>'s bomb at (9, 2) explodes
2026-09-21 19:22:12,003 [BombeRLeWorld] INFO: STARTING STEP 207
2026-09-21 19:22:12,020 [BombeRLeWorld] INFO: Agent <qwm_agent> chose action DOWN in 0.02s.
2026-09-21 19:22:12,020 [BombeRLeWorld] INFO: Agent <qwm_agent> stayed within acceptable think time.
2026-09-21 19:22:12,103 [BombeRLeWorld] INFO: STARTING STEP 208
2026-09-21 19:22:12,120 [BombeRLeWorld] INFO: Agent <qwm_agent> chose action DOWN in 0.02s.
2026-09-21 19:22:12,120 [BombeRLeWorld] INFO: Agent <qwm_agent> stayed within acceptable think time.
2026-09-21 19:22:12,202 [BombeRLeWorld] INFO: STARTING STEP 209
2026-09-21 19:22:12,220 [BombeRLeWorld] INFO: Agent <qwm_agent> chose action DOWN in 0.02s.
2026-09-21 19:22:12,220 [BombeRLeWorld] INFO: Agent <qwm_agent> stayed within acceptable think time.
2026-09-21 19:22:12,303 [BombeRLeWorld] INFO: STARTING STEP 210
2026-09-21 19:22:12,323 [BombeRLeWorld] INFO: Agent <qwm_agent> chose action LEFT in 0.02s.
2026-09-21 19:22:12,323 [BombeRLeWorld] INFO: Agent <qwm_agent> stayed within acceptable think time.
2026-09-21 19:22:12,404 [BombeRLeWorld] INFO: STARTING STEP 211
2026-09-21 19:22:12,425 [BombeRLeWorld] INFO: Agent <qwm_agent> chose action LEFT in 0.02s.
2026-09-21 19:22:12,426 [BombeRLeWorld] INFO: Agent <qwm_agent> stayed within acceptable think time.
2026-09-21 19:22:12,502 [BombeRLeWorld] INFO: STARTING STEP 212
2026-09-21 19:22:12,522 [BombeRLeWorld] INFO: Agent <qwm_agent> chose action UP in 0.02s.
2026-09-21 19:22:12,522 [BombeRLeWorld] INFO: Agent <qwm_agent> stayed within acceptable think time.
2026-09-21 19:22:12,603 [BombeRLeWorld] INFO: STARTING STEP 213
2026-09-21 19:22:12,621 [BombeRLeWorld] INFO: Agent <qwm_agent> chose action UP in 0.02s.
2026-09-21 19:22:12,621 [BombeRLeWorld] INFO: Agent <qwm_agent> stayed within acceptable think time.
2026-09-21 19:22:12,703 [BombeRLeWorld] INFO: STARTING STEP 214
2026-09-21 19:22:12,720 [BombeRLeWorld] INFO: Agent <qwm_agent> chose action BOMB in 0.02s.
2026-09-21 19:22:12,720 [BombeRLeWorld] INFO: Agent <qwm_agent> stayed within acceptable think time.
2026-09-21 19:22:12,720 [BombeRLeWorld] INFO: Agent <qwm_agent> drops bomb at (9, 3)
2026-09-21 19:22:12,803 [BombeRLeWorld] INFO: STARTING STEP 215
2026-09-21 19:22:12,828 [BombeRLeWorld] INFO: Agent <qwm_agent> chose action UP in 0.02s.
2026-09-21 19:22:12,828 [BombeRLeWorld] INFO: Agent <qwm_agent> stayed within acceptable think time.
2026-09-21 19:22:12,904 [BombeRLeWorld] INFO: STARTING STEP 216
2026-09-21 19:22:12,924 [BombeRLeWorld] INFO: Agent <qwm_agent> chose action UP in 0.02s.
2026-09-21 19:22:12,924 [BombeRLeWorld] INFO: Agent <qwm_agent> stayed within acceptable think time.
2026-09-21 19:22:13,003 [BombeRLeWorld] INFO: STARTING STEP 217
2026-09-21 19:22:13,019 [BombeRLeWorld] INFO: Agent <qwm_agent> chose action RIGHT in 0.02s.
2026-09-21 19:22:13,019 [BombeRLeWorld] INFO: Agent <qwm_agent> stayed within acceptable think time.
2026-09-21 19:22:13,103 [BombeRLeWorld] INFO: STARTING STEP 218
2026-09-21 19:22:13,119 [BombeRLeWorld] INFO: Agent <qwm_agent> chose action WAIT in 0.02s.
2026-09-21 19:22:13,120 [BombeRLeWorld] INFO: Agent <qwm_agent> stayed within acceptable think time.
2026-09-21 19:22:13,120 [BombeRLeWorld] INFO: Agent <qwm_agent>'s bomb at (9, 3) explodes
2026-09-21 19:22:13,204 [BombeRLeWorld] INFO: STARTING STEP 219
2026-09-21 19:22:13,221 [BombeRLeWorld] INFO: Agent <qwm_agent> chose action WAIT in 0.02s.
2026-09-21 19:22:13,221 [BombeRLeWorld] INFO: Agent <qwm_agent> stayed within acceptable think time.
2026-09-21 19:22:13,304 [BombeRLeWorld] INFO: STARTING STEP 220
2026-09-21 19:22:13,327 [BombeRLeWorld] INFO: Agent <qwm_agent> chose action LEFT in 0.02s.
2026-09-21 19:22:13,327 [BombeRLeWorld] INFO: Agent <qwm_agent> stayed within acceptable think time.
2026-09-21 19:22:13,404 [BombeRLeWorld] INFO: STARTING STEP 221
2026-09-21 19:22:13,421 [BombeRLeWorld] INFO: Agent <qwm_agent> chose action LEFT in 0.02s.
2026-09-21 19:22:13,421 [BombeRLeWorld] INFO: Agent <qwm_agent> stayed within acceptable think time.
2026-09-21 19:22:13,504 [BombeRLeWorld] INFO: STARTING STEP 222
2026-09-21 19:22:13,520 [BombeRLeWorld] INFO: Agent <qwm_agent> chose action BOMB in 0.02s.
2026-09-21 19:22:13,520 [BombeRLeWorld] INFO: Agent <qwm_agent> stayed within acceptable think time.
2026-09-21 19:22:13,520 [BombeRLeWorld] INFO: Agent <qwm_agent> drops bomb at (8, 1)
2026-09-21 19:22:13,604 [BombeRLeWorld] INFO: STARTING STEP 223
2026-09-21 19:22:13,620 [BombeRLeWorld] INFO: Agent <qwm_agent> chose action RIGHT in 0.02s.
2026-09-21 19:22:13,620 [BombeRLeWorld] INFO: Agent <qwm_agent> stayed within acceptable think time.
2026-09-21 19:22:13,703 [BombeRLeWorld] INFO: STARTING STEP 224
2026-09-21 19:22:13,720 [BombeRLeWorld] INFO: Agent <qwm_agent> chose action DOWN in 0.02s.
2026-09-21 19:22:13,720 [BombeRLeWorld] INFO: Agent <qwm_agent> stayed within acceptable think time.
2026-09-21 19:22:13,803 [BombeRLeWorld] INFO: STARTING STEP 225
2026-09-21 19:22:13,821 [BombeRLeWorld] INFO: Agent <qwm_agent> chose action WAIT in 0.02s.
2026-09-21 19:22:13,821 [BombeRLeWorld] INFO: Agent <qwm_agent> stayed within acceptable think time.
2026-09-21 19:22:13,903 [BombeRLeWorld] INFO: STARTING STEP 226
2026-09-21 19:22:13,921 [BombeRLeWorld] INFO: Agent <qwm_agent> chose action DOWN in 0.02s.
2026-09-21 19:22:13,921 [BombeRLeWorld] INFO: Agent <qwm_agent> stayed within acceptable think time.
2026-09-21 19:22:13,921 [BombeRLeWorld] INFO: Agent <qwm_agent>'s bomb at (8, 1) explodes
2026-09-21 19:22:14,003 [BombeRLeWorld] INFO: STARTING STEP 227
2026-09-21 19:22:14,022 [BombeRLeWorld] INFO: Agent <qwm_agent> chose action LEFT in 0.02s.
2026-09-21 19:22:14,022 [BombeRLeWorld] INFO: Agent <qwm_agent> stayed within acceptable think time.
2026-09-21 19:22:14,105 [BombeRLeWorld] INFO: STARTING STEP 228
2026-09-21 19:22:14,125 [BombeRLeWorld] INFO: Agent <qwm_agent> chose action LEFT in 0.02s.
2026-09-21 19:22:14,125 [BombeRLeWorld] INFO: Agent <qwm_agent> stayed within acceptable think time.
2026-09-21 19:22:14,205 [BombeRLeWorld] INFO: STARTING STEP 229
2026-09-21 19:22:14,226 [BombeRLeWorld] INFO: Agent <qwm_agent> chose action LEFT in 0.02s.
2026-09-21 19:22:14,226 [BombeRLeWorld] INFO: Agent <qwm_agent> stayed within acceptable think time.
2026-09-21 19:22:14,305 [BombeRLeWorld] INFO: STARTING STEP 230
2026-09-21 19:22:14,323 [BombeRLeWorld] INFO: Agent <qwm_agent> chose action BOMB in 0.02s.
2026-09-21 19:22:14,323 [BombeRLeWorld] INFO: Agent <qwm_agent> stayed within acceptable think time.
2026-09-21 19:22:14,323 [BombeRLeWorld] INFO: Agent <qwm_agent> drops bomb at (6, 3)
2026-09-21 19:22:14,405 [BombeRLeWorld] INFO: STARTING STEP 231
2026-09-21 19:22:14,423 [BombeRLeWorld] INFO: Agent <qwm_agent> chose action LEFT in 0.02s.
2026-09-21 19:22:14,423 [BombeRLeWorld] INFO: Agent <qwm_agent> stayed within acceptable think time.
2026-09-21 19:22:14,505 [BombeRLeWorld] INFO: STARTING STEP 232
2026-09-21 19:22:14,523 [BombeRLeWorld] INFO: Agent <qwm_agent> chose action DOWN in 0.02s.
2026-09-21 19:22:14,523 [BombeRLeWorld] INFO: Agent <qwm_agent> stayed within acceptable think time.
2026-09-21 19:22:14,604 [BombeRLeWorld] INFO: STARTING STEP 233
2026-09-21 19:22:14,623 [BombeRLeWorld] INFO: Agent <qwm_agent> chose action DOWN in 0.02s.
2026-09-21 19:22:14,623 [BombeRLeWorld] INFO: Agent <qwm_agent> stayed within acceptable think time.
2026-09-21 19:22:14,703 [BombeRLeWorld] INFO: STARTING STEP 234
2026-09-21 19:22:14,720 [BombeRLeWorld] INFO: Agent <qwm_agent> chose action LEFT in 0.02s.
2026-09-21 19:22:14,720 [BombeRLeWorld] INFO: Agent <qwm_agent> stayed within acceptable think time.
2026-09-21 19:22:14,721 [BombeRLeWorld] INFO: Agent <qwm_agent>'s bomb at (6, 3) explodes
2026-09-21 19:22:14,803 [BombeRLeWorld] INFO: STARTING STEP 235
2026-09-21 19:22:14,821 [BombeRLeWorld] INFO: Agent <qwm_agent> chose action LEFT in 0.02s.
2026-09-21 19:22:14,821 [BombeRLeWorld] INFO: Agent <qwm_agent> stayed within acceptable think time.
2026-09-21 19:22:14,906 [BombeRLeWorld] INFO: STARTING STEP 236
2026-09-21 19:22:14,923 [BombeRLeWorld] INFO: Agent <qwm_agent> chose action LEFT in 0.02s.
2026-09-21 19:22:14,923 [BombeRLeWorld] INFO: Agent <qwm_agent> stayed within acceptable think time.
2026-09-21 19:22:15,006 [BombeRLeWorld] INFO: STARTING STEP 237
2026-09-21 19:22:15,022 [BombeRLeWorld] INFO: Agent <qwm_agent> chose action BOMB in 0.02s.
2026-09-21 19:22:15,022 [BombeRLeWorld] INFO: Agent <qwm_agent> stayed within acceptable think time.
2026-09-21 19:22:15,022 [BombeRLeWorld] INFO: Agent <qwm_agent> drops bomb at (2, 5)
2026-09-21 19:22:15,106 [BombeRLeWorld] INFO: STARTING STEP 238
2026-09-21 19:22:15,124 [BombeRLeWorld] INFO: Agent <qwm_agent> chose action LEFT in 0.02s.
2026-09-21 19:22:15,125 [BombeRLeWorld] INFO: Agent <qwm_agent> stayed within acceptable think time.
2026-09-21 19:22:15,205 [BombeRLeWorld] INFO: STARTING STEP 239
2026-09-21 19:22:15,222 [BombeRLeWorld] INFO: Agent <qwm_agent> chose action DOWN in 0.02s.
2026-09-21 19:22:15,222 [BombeRLeWorld] INFO: Agent <qwm_agent> stayed within acceptable think time.
2026-09-21 19:22:15,306 [BombeRLeWorld] INFO: STARTING STEP 240
2026-09-21 19:22:15,320 [BombeRLeWorld] INFO: Agent <qwm_agent> chose action WAIT in 0.01s.
2026-09-21 19:22:15,320 [BombeRLeWorld] INFO: Agent <qwm_agent> stayed within acceptable think time.
2026-09-21 19:22:15,404 [BombeRLeWorld] INFO: STARTING STEP 241
2026-09-21 19:22:15,421 [BombeRLeWorld] INFO: Agent <qwm_agent> chose action WAIT in 0.02s.
2026-09-21 19:22:15,421 [BombeRLeWorld] INFO: Agent <qwm_agent> stayed within acceptable think time.
2026-09-21 19:22:15,421 [BombeRLeWorld] INFO: Agent <qwm_agent>'s bomb at (2, 5) explodes
2026-09-21 19:22:15,506 [BombeRLeWorld] INFO: STARTING STEP 242
2026-09-21 19:22:15,520 [BombeRLeWorld] INFO: Agent <qwm_agent> chose action WAIT in 0.01s.
2026-09-21 19:22:15,520 [BombeRLeWorld] INFO: Agent <qwm_agent> stayed within acceptable think time.
2026-09-21 19:22:15,606 [BombeRLeWorld] INFO: STARTING STEP 243
2026-09-21 19:22:15,622 [BombeRLeWorld] INFO: Agent <qwm_agent> chose action UP in 0.02s.
2026-09-21 19:22:15,622 [BombeRLeWorld] INFO: Agent <qwm_agent> stayed within acceptable think time.
2026-09-21 19:22:15,706 [BombeRLeWorld] INFO: STARTING STEP 244
2026-09-21 19:22:15,722 [BombeRLeWorld] INFO: Agent <qwm_agent> chose action BOMB in 0.02s.
2026-09-21 19:22:15,722 [BombeRLeWorld] INFO: Agent <qwm_agent> stayed within acceptable think time.
2026-09-21 19:22:15,722 [BombeRLeWorld] INFO: Agent <qwm_agent> drops bomb at (1, 5)
2026-09-21 19:22:15,806 [BombeRLeWorld] INFO: STARTING STEP 245
2026-09-21 19:22:15,822 [BombeRLeWorld] INFO: Agent <qwm_agent> chose action RIGHT in 0.02s.
2026-09-21 19:22:15,822 [BombeRLeWorld] INFO: Agent <qwm_agent> stayed within acceptable think time.
2026-09-21 19:22:15,906 [BombeRLeWorld] INFO: STARTING STEP 246
2026-09-21 19:22:15,928 [BombeRLeWorld] INFO: Agent <qwm_agent> chose action RIGHT in 0.02s.
2026-09-21 19:22:15,928 [BombeRLeWorld] INFO: Agent <qwm_agent> stayed within acceptable think time.
2026-09-21 19:22:16,006 [BombeRLeWorld] INFO: STARTING STEP 247
2026-09-21 19:22:16,027 [BombeRLeWorld] INFO: Agent <qwm_agent> chose action RIGHT in 0.02s.
2026-09-21 19:22:16,027 [BombeRLeWorld] INFO: Agent <qwm_agent> stayed within acceptable think time.
2026-09-21 19:22:16,106 [BombeRLeWorld] INFO: STARTING STEP 248
2026-09-21 19:22:16,124 [BombeRLeWorld] INFO: Agent <qwm_agent> chose action RIGHT in 0.02s.
2026-09-21 19:22:16,124 [BombeRLeWorld] INFO: Agent <qwm_agent> stayed within acceptable think time.
2026-09-21 19:22:16,124 [BombeRLeWorld] INFO: Agent <qwm_agent>'s bomb at (1, 5) explodes
2026-09-21 19:22:16,206 [BombeRLeWorld] INFO: STARTING STEP 249
2026-09-21 19:22:16,227 [BombeRLeWorld] INFO: Agent <qwm_agent> chose action DOWN in 0.02s.
2026-09-21 19:22:16,227 [BombeRLeWorld] INFO: Agent <qwm_agent> stayed within acceptable think time.
2026-09-21 19:22:16,307 [BombeRLeWorld] INFO: STARTING STEP 250
2026-09-21 19:22:16,328 [BombeRLeWorld] INFO: Agent <qwm_agent> chose action DOWN in 0.02s.
2026-09-21 19:22:16,328 [BombeRLeWorld] INFO: Agent <qwm_agent> stayed within acceptable think time.
2026-09-21 19:22:16,406 [BombeRLeWorld] INFO: STARTING STEP 251
2026-09-21 19:22:16,428 [BombeRLeWorld] INFO: Agent <qwm_agent> chose action RIGHT in 0.02s.
2026-09-21 19:22:16,428 [BombeRLeWorld] INFO: Agent <qwm_agent> stayed within acceptable think time.
2026-09-21 19:22:16,507 [BombeRLeWorld] INFO: STARTING STEP 252
2026-09-21 19:22:16,527 [BombeRLeWorld] INFO: Agent <qwm_agent> chose action RIGHT in 0.02s.
2026-09-21 19:22:16,527 [BombeRLeWorld] INFO: Agent <qwm_agent> stayed within acceptable think time.
2026-09-21 19:22:16,606 [BombeRLeWorld] INFO: STARTING STEP 253
2026-09-21 19:22:16,625 [BombeRLeWorld] INFO: Agent <qwm_agent> chose action RIGHT in 0.02s.
2026-09-21 19:22:16,625 [BombeRLeWorld] INFO: Agent <qwm_agent> stayed within acceptable think time.
2026-09-21 19:22:16,706 [BombeRLeWorld] INFO: STARTING STEP 254
2026-09-21 19:22:16,727 [BombeRLeWorld] INFO: Agent <qwm_agent> chose action RIGHT in 0.02s.
2026-09-21 19:22:16,727 [BombeRLeWorld] INFO: Agent <qwm_agent> stayed within acceptable think time.
2026-09-21 19:22:16,807 [BombeRLeWorld] INFO: STARTING STEP 255
2026-09-21 19:22:16,831 [BombeRLeWorld] INFO: Agent <qwm_agent> chose action RIGHT in 0.02s.
2026-09-21 19:22:16,831 [BombeRLeWorld] INFO: Agent <qwm_agent> stayed within acceptable think time.
2026-09-21 19:22:16,907 [BombeRLeWorld] INFO: STARTING STEP 256
2026-09-21 19:22:16,928 [BombeRLeWorld] INFO: Agent <qwm_agent> chose action RIGHT in 0.02s.
2026-09-21 19:22:16,928 [BombeRLeWorld] INFO: Agent <qwm_agent> stayed within acceptable think time.
2026-09-21 19:22:17,005 [BombeRLeWorld] INFO: STARTING STEP 257
2026-09-21 19:22:17,025 [BombeRLeWorld] INFO: Agent <qwm_agent> chose action DOWN in 0.02s.
2026-09-21 19:22:17,025 [BombeRLeWorld] INFO: Agent <qwm_agent> stayed within acceptable think time.
2026-09-21 19:22:17,107 [BombeRLeWorld] INFO: STARTING STEP 258
2026-09-21 19:22:17,130 [BombeRLeWorld] INFO: Agent <qwm_agent> chose action BOMB in 0.02s.
2026-09-21 19:22:17,130 [BombeRLeWorld] INFO: Agent <qwm_agent> stayed within acceptable think time.
2026-09-21 19:22:17,130 [BombeRLeWorld] INFO: Agent <qwm_agent> drops bomb at (11, 8)
2026-09-21 19:22:17,207 [BombeRLeWorld] INFO: STARTING STEP 259
2026-09-21 19:22:17,229 [BombeRLeWorld] INFO: Agent <qwm_agent> chose action DOWN in 0.02s.
2026-09-21 19:22:17,229 [BombeRLeWorld] INFO: Agent <qwm_agent> stayed within acceptable think time.
2026-09-21 19:22:17,307 [BombeRLeWorld] INFO: STARTING STEP 260
2026-09-21 19:22:17,327 [BombeRLeWorld] INFO: Agent <qwm_agent> chose action RIGHT in 0.02s.
2026-09-21 19:22:17,327 [BombeRLeWorld] INFO: Agent <qwm_agent> stayed within acceptable think time.
2026-09-21 19:22:17,407 [BombeRLeWorld] INFO: STARTING STEP 261
2026-09-21 19:22:17,427 [BombeRLeWorld] INFO: Agent <qwm_agent> chose action RIGHT in 0.02s.
2026-09-21 19:22:17,427 [BombeRLeWorld] INFO: Agent <qwm_agent> stayed within acceptable think time.
2026-09-21 19:22:17,507 [BombeRLeWorld] INFO: STARTING STEP 262
2026-09-21 19:22:17,527 [BombeRLeWorld] INFO: Agent <qwm_agent> chose action DOWN in 0.02s.
2026-09-21 19:22:17,527 [BombeRLeWorld] INFO: Agent <qwm_agent> stayed within acceptable think time.
2026-09-21 19:22:17,527 [BombeRLeWorld] INFO: Agent <qwm_agent>'s bomb at (11, 8) explodes
2026-09-21 19:22:17,606 [BombeRLeWorld] INFO: STARTING STEP 263
2026-09-21 19:22:17,626 [BombeRLeWorld] INFO: Agent <qwm_agent> chose action DOWN in 0.02s.
2026-09-21 19:22:17,626 [BombeRLeWorld] INFO: Agent <qwm_agent> stayed within acceptable think time.
2026-09-21 19:22:17,707 [BombeRLeWorld] INFO: STARTING STEP 264
2026-09-21 19:22:17,729 [BombeRLeWorld] INFO: Agent <qwm_agent> chose action LEFT in 0.02s.
2026-09-21 19:22:17,729 [BombeRLeWorld] INFO: Agent <qwm_agent> stayed within acceptable think time.
2026-09-21 19:22:17,806 [BombeRLeWorld] INFO: STARTING STEP 265
2026-09-21 19:22:17,828 [BombeRLeWorld] INFO: Agent <qwm_agent> chose action BOMB in 0.02s.
2026-09-21 19:22:17,828 [BombeRLeWorld] INFO: Agent <qwm_agent> stayed within acceptable think time.
2026-09-21 19:22:17,828 [BombeRLeWorld] INFO: Agent <qwm_agent> drops bomb at (12, 11)
2026-09-21 19:22:17,907 [BombeRLeWorld] INFO: STARTING STEP 266
2026-09-21 19:22:17,927 [BombeRLeWorld] INFO: Agent <qwm_agent> chose action RIGHT in 0.02s.
2026-09-21 19:22:17,927 [BombeRLeWorld] INFO: Agent <qwm_agent> stayed within acceptable think time.
2026-09-21 19:22:18,007 [BombeRLeWorld] INFO: STARTING STEP 267
2026-09-21 19:22:18,029 [BombeRLeWorld] INFO: Agent <qwm_agent> chose action UP in 0.02s.
2026-09-21 19:22:18,029 [BombeRLeWorld] INFO: Agent <qwm_agent> stayed within acceptable think time.
2026-09-21 19:22:18,108 [BombeRLeWorld] INFO: STARTING STEP 268
2026-09-21 19:22:18,131 [BombeRLeWorld] INFO: Agent <qwm_agent> chose action UP in 0.02s.
2026-09-21 19:22:18,131 [BombeRLeWorld] INFO: Agent <qwm_agent> stayed within acceptable think time.
2026-09-21 19:22:18,205 [BombeRLeWorld] INFO: STARTING STEP 269
2026-09-21 19:22:18,228 [BombeRLeWorld] INFO: Agent <qwm_agent> chose action UP in 0.02s.
2026-09-21 19:22:18,228 [BombeRLeWorld] INFO: Agent <qwm_agent> stayed within acceptable think time.
2026-09-21 19:22:18,228 [BombeRLeWorld] INFO: Agent <qwm_agent>'s bomb at (12, 11) explodes
2026-09-21 19:22:18,308 [BombeRLeWorld] INFO: STARTING STEP 270
2026-09-21 19:22:18,330 [BombeRLeWorld] INFO: Agent <qwm_agent> chose action UP in 0.02s.
2026-09-21 19:22:18,330 [BombeRLeWorld] INFO: Agent <qwm_agent> stayed within acceptable think time.
2026-09-21 19:22:18,406 [BombeRLeWorld] INFO: STARTING STEP 271
2026-09-21 19:22:18,429 [BombeRLeWorld] INFO: Agent <qwm_agent> chose action UP in 0.02s.
2026-09-21 19:22:18,429 [BombeRLeWorld] INFO: Agent <qwm_agent> stayed within acceptable think time.
2026-09-21 19:22:18,506 [BombeRLeWorld] INFO: STARTING STEP 272
2026-09-21 19:22:18,531 [BombeRLeWorld] INFO: Agent <qwm_agent> chose action UP in 0.02s.
2026-09-21 19:22:18,531 [BombeRLeWorld] INFO: Agent <qwm_agent> stayed within acceptable think time.
2026-09-21 19:22:18,606 [BombeRLeWorld] INFO: STARTING STEP 273
2026-09-21 19:22:18,627 [BombeRLeWorld] INFO: Agent <qwm_agent> chose action UP in 0.02s.
2026-09-21 19:22:18,627 [BombeRLeWorld] INFO: Agent <qwm_agent> stayed within acceptable think time.
2026-09-21 19:22:18,706 [BombeRLeWorld] INFO: STARTING STEP 274
2026-09-21 19:22:18,727 [BombeRLeWorld] INFO: Agent <qwm_agent> chose action UP in 0.02s.
2026-09-21 19:22:18,727 [BombeRLeWorld] INFO: Agent <qwm_agent> stayed within acceptable think time.
2026-09-21 19:22:18,806 [BombeRLeWorld] INFO: STARTING STEP 275
2026-09-21 19:22:18,827 [BombeRLeWorld] INFO: Agent <qwm_agent> chose action LEFT in 0.02s.
2026-09-21 19:22:18,827 [BombeRLeWorld] INFO: Agent <qwm_agent> stayed within acceptable think time.
2026-09-21 19:22:18,907 [BombeRLeWorld] INFO: STARTING STEP 276
2026-09-21 19:22:18,927 [BombeRLeWorld] INFO: Agent <qwm_agent> chose action BOMB in 0.02s.
2026-09-21 19:22:18,927 [BombeRLeWorld] INFO: Agent <qwm_agent> stayed within acceptable think time.
2026-09-21 19:22:18,927 [BombeRLeWorld] INFO: Agent <qwm_agent> drops bomb at (12, 3)
2026-09-21 19:22:19,007 [BombeRLeWorld] INFO: STARTING STEP 277
2026-09-21 19:22:19,028 [BombeRLeWorld] INFO: Agent <qwm_agent> chose action RIGHT in 0.02s.
2026-09-21 19:22:19,028 [BombeRLeWorld] INFO: Agent <qwm_agent> stayed within acceptable think time.
2026-09-21 19:22:19,108 [BombeRLeWorld] INFO: STARTING STEP 278
2026-09-21 19:22:19,127 [BombeRLeWorld] INFO: Agent <qwm_agent> chose action UP in 0.02s.
2026-09-21 19:22:19,127 [BombeRLeWorld] INFO: Agent <qwm_agent> stayed within acceptable think time.
2026-09-21 19:22:19,208 [BombeRLeWorld] INFO: STARTING STEP 279
2026-09-21 19:22:19,226 [BombeRLeWorld] INFO: Agent <qwm_agent> chose action UP in 0.02s.
2026-09-21 19:22:19,226 [BombeRLeWorld] INFO: Agent <qwm_agent> stayed within acceptable think time.
2026-09-21 19:22:19,307 [BombeRLeWorld] INFO: STARTING STEP 280
2026-09-21 19:22:19,327 [BombeRLeWorld] INFO: Agent <qwm_agent> chose action LEFT in 0.02s.
2026-09-21 19:22:19,327 [BombeRLeWorld] INFO: Agent <qwm_agent> stayed within acceptable think time.
2026-09-21 19:22:19,327 [BombeRLeWorld] INFO: Agent <qwm_agent>'s bomb at (12, 3) explodes
2026-09-21 19:22:19,407 [BombeRLeWorld] INFO: STARTING STEP 281
2026-09-21 19:22:19,427 [BombeRLeWorld] INFO: Agent <qwm_agent> chose action LEFT in 0.02s.
2026-09-21 19:22:19,427 [BombeRLeWorld] INFO: Agent <qwm_agent> stayed within acceptable think time.
2026-09-21 19:22:19,507 [BombeRLeWorld] INFO: STARTING STEP 282
2026-09-21 19:22:19,527 [BombeRLeWorld] INFO: Agent <qwm_agent> chose action LEFT in 0.02s.
2026-09-21 19:22:19,527 [BombeRLeWorld] INFO: Agent <qwm_agent> stayed within acceptable think time.
2026-09-21 19:22:19,607 [BombeRLeWorld] INFO: STARTING STEP 283
2026-09-21 19:22:19,628 [BombeRLeWorld] INFO: Agent <qwm_agent> chose action LEFT in 0.02s.
2026-09-21 19:22:19,628 [BombeRLeWorld] INFO: Agent <qwm_agent> stayed within acceptable think time.
2026-09-21 19:22:19,707 [BombeRLeWorld] INFO: STARTING STEP 284
2026-09-21 19:22:19,726 [BombeRLeWorld] INFO: Agent <qwm_agent> chose action LEFT in 0.02s.
2026-09-21 19:22:19,726 [BombeRLeWorld] INFO: Agent <qwm_agent> stayed within acceptable think time.
2026-09-21 19:22:19,808 [BombeRLeWorld] INFO: STARTING STEP 285
2026-09-21 19:22:19,828 [BombeRLeWorld] INFO: Agent <qwm_agent> chose action LEFT in 0.02s.
2026-09-21 19:22:19,828 [BombeRLeWorld] INFO: Agent <qwm_agent> stayed within acceptable think time.
2026-09-21 19:22:19,907 [BombeRLeWorld] INFO: STARTING STEP 286
2026-09-21 19:22:19,927 [BombeRLeWorld] INFO: Agent <qwm_agent> chose action DOWN in 0.02s.
2026-09-21 19:22:19,927 [BombeRLeWorld] INFO: Agent <qwm_agent> stayed within acceptable think time.
2026-09-21 19:22:20,007 [BombeRLeWorld] INFO: STARTING STEP 287
2026-09-21 19:22:20,027 [BombeRLeWorld] INFO: Agent <qwm_agent> chose action BOMB in 0.02s.
2026-09-21 19:22:20,027 [BombeRLeWorld] INFO: Agent <qwm_agent> stayed within acceptable think time.
2026-09-21 19:22:20,027 [BombeRLeWorld] INFO: Agent <qwm_agent> drops bomb at (7, 2)
2026-09-21 19:22:20,108 [BombeRLeWorld] INFO: STARTING STEP 288
2026-09-21 19:22:20,128 [BombeRLeWorld] INFO: Agent <qwm_agent> chose action DOWN in 0.02s.
2026-09-21 19:22:20,128 [BombeRLeWorld] INFO: Agent <qwm_agent> stayed within acceptable think time.
2026-09-21 19:22:20,208 [BombeRLeWorld] INFO: STARTING STEP 289
2026-09-21 19:22:20,228 [BombeRLeWorld] INFO: Agent <qwm_agent> chose action LEFT in 0.02s.
2026-09-21 19:22:20,228 [BombeRLeWorld] INFO: Agent <qwm_agent> stayed within acceptable think time.
2026-09-21 19:22:20,307 [BombeRLeWorld] INFO: STARTING STEP 290
2026-09-21 19:22:20,327 [BombeRLeWorld] INFO: Agent <qwm_agent> chose action LEFT in 0.02s.
2026-09-21 19:22:20,327 [BombeRLeWorld] INFO: Agent <qwm_agent> stayed within acceptable think time.
2026-09-21 19:22:20,408 [BombeRLeWorld] INFO: STARTING STEP 291
2026-09-21 19:22:20,428 [BombeRLeWorld] INFO: Agent <qwm_agent> chose action UP in 0.02s.
2026-09-21 19:22:20,428 [BombeRLeWorld] INFO: Agent <qwm_agent> stayed within acceptable think time.
2026-09-21 19:22:20,428 [BombeRLeWorld] INFO: Agent <qwm_agent>'s bomb at (7, 2) explodes
2026-09-21 19:22:20,508 [BombeRLeWorld] INFO: STARTING STEP 292
2026-09-21 19:22:20,526 [BombeRLeWorld] INFO: Agent <qwm_agent> chose action UP in 0.02s.
2026-09-21 19:22:20,526 [BombeRLeWorld] INFO: Agent <qwm_agent> stayed within acceptable think time.
2026-09-21 19:22:20,607 [BombeRLeWorld] INFO: STARTING STEP 293
2026-09-21 19:22:20,625 [BombeRLeWorld] INFO: Agent <qwm_agent> chose action RIGHT in 0.02s.
2026-09-21 19:22:20,625 [BombeRLeWorld] INFO: Agent <qwm_agent> stayed within acceptable think time.
2026-09-21 19:22:20,707 [BombeRLeWorld] INFO: STARTING STEP 294
2026-09-21 19:22:20,728 [BombeRLeWorld] INFO: Agent <qwm_agent> chose action BOMB in 0.02s.
2026-09-21 19:22:20,728 [BombeRLeWorld] INFO: Agent <qwm_agent> stayed within acceptable think time.
2026-09-21 19:22:20,728 [BombeRLeWorld] INFO: Agent <qwm_agent> drops bomb at (6, 1)
2026-09-21 19:22:20,808 [BombeRLeWorld] INFO: STARTING STEP 295
2026-09-21 19:22:20,826 [BombeRLeWorld] INFO: Agent <qwm_agent> chose action LEFT in 0.02s.
2026-09-21 19:22:20,826 [BombeRLeWorld] INFO: Agent <qwm_agent> stayed within acceptable think time.
2026-09-21 19:22:20,908 [BombeRLeWorld] INFO: STARTING STEP 296
2026-09-21 19:22:20,929 [BombeRLeWorld] INFO: Agent <qwm_agent> chose action DOWN in 0.02s.
2026-09-21 19:22:20,929 [BombeRLeWorld] INFO: Agent <qwm_agent> stayed within acceptable think time.
2026-09-21 19:22:21,009 [BombeRLeWorld] INFO: STARTING STEP 297
2026-09-21 19:22:21,027 [BombeRLeWorld] INFO: Agent <qwm_agent> chose action DOWN in 0.02s.
2026-09-21 19:22:21,027 [BombeRLeWorld] INFO: Agent <qwm_agent> stayed within acceptable think time.
2026-09-21 19:22:21,109 [BombeRLeWorld] INFO: STARTING STEP 298
2026-09-21 19:22:21,129 [BombeRLeWorld] INFO: Agent <qwm_agent> chose action LEFT in 0.02s.
2026-09-21 19:22:21,129 [BombeRLeWorld] INFO: Agent <qwm_agent> stayed within acceptable think time.
2026-09-21 19:22:21,129 [BombeRLeWorld] INFO: Agent <qwm_agent>'s bomb at (6, 1) explodes
2026-09-21 19:22:21,208 [BombeRLeWorld] INFO: STARTING STEP 299
2026-09-21 19:22:21,226 [BombeRLeWorld] INFO: Agent <qwm_agent> chose action LEFT in 0.02s.
2026-09-21 19:22:21,226 [BombeRLeWorld] INFO: Agent <qwm_agent> stayed within acceptable think time.
2026-09-21 19:22:21,308 [BombeRLeWorld] INFO: STARTING STEP 300
2026-09-21 19:22:21,326 [BombeRLeWorld] INFO: Agent <qwm_agent> chose action RIGHT in 0.02s.
2026-09-21 19:22:21,326 [BombeRLeWorld] INFO: Agent <qwm_agent> stayed within acceptable think time.
2026-09-21 19:22:21,408 [BombeRLeWorld] INFO: STARTING STEP 301
2026-09-21 19:22:21,429 [BombeRLeWorld] INFO: Agent <qwm_agent> chose action BOMB in 0.02s.
2026-09-21 19:22:21,429 [BombeRLeWorld] INFO: Agent <qwm_agent> stayed within acceptable think time.
2026-09-21 19:22:21,429 [BombeRLeWorld] INFO: Agent <qwm_agent> drops bomb at (4, 3)
2026-09-21 19:22:21,509 [BombeRLeWorld] INFO: STARTING STEP 302
2026-09-21 19:22:21,529 [BombeRLeWorld] INFO: Agent <qwm_agent> chose action RIGHT in 0.02s.
2026-09-21 19:22:21,529 [BombeRLeWorld] INFO: Agent <qwm_agent> stayed within acceptable think time.
2026-09-21 19:22:21,610 [BombeRLeWorld] INFO: STARTING STEP 303
2026-09-21 19:22:21,629 [BombeRLeWorld] INFO: Agent <qwm_agent> chose action DOWN in 0.02s.
2026-09-21 19:22:21,629 [BombeRLeWorld] INFO: Agent <qwm_agent> stayed within acceptable think time.
2026-09-21 19:22:21,710 [BombeRLeWorld] INFO: STARTING STEP 304
2026-09-21 19:22:21,729 [BombeRLeWorld] INFO: Agent <qwm_agent> chose action DOWN in 0.02s.
2026-09-21 19:22:21,729 [BombeRLeWorld] INFO: Agent <qwm_agent> stayed within acceptable think time.
2026-09-21 19:22:21,810 [BombeRLeWorld] INFO: STARTING STEP 305
2026-09-21 19:22:21,829 [BombeRLeWorld] INFO: Agent <qwm_agent> chose action RIGHT in 0.02s.
2026-09-21 19:22:21,829 [BombeRLeWorld] INFO: Agent <qwm_agent> stayed within acceptable think time.
2026-09-21 19:22:21,829 [BombeRLeWorld] INFO: Agent <qwm_agent>'s bomb at (4, 3) explodes
2026-09-21 19:22:21,908 [BombeRLeWorld] INFO: STARTING STEP 306
2026-09-21 19:22:21,928 [BombeRLeWorld] INFO: Agent <qwm_agent> chose action RIGHT in 0.02s.
2026-09-21 19:22:21,928 [BombeRLeWorld] INFO: Agent <qwm_agent> stayed within acceptable think time.
2026-09-21 19:22:22,009 [BombeRLeWorld] INFO: STARTING STEP 307
2026-09-21 19:22:22,028 [BombeRLeWorld] INFO: Agent <qwm_agent> chose action UP in 0.02s.
2026-09-21 19:22:22,028 [BombeRLeWorld] INFO: Agent <qwm_agent> stayed within acceptable think time.
2026-09-21 19:22:22,109 [BombeRLeWorld] INFO: STARTING STEP 308
2026-09-21 19:22:22,129 [BombeRLeWorld] INFO: Agent <qwm_agent> chose action BOMB in 0.02s.
2026-09-21 19:22:22,129 [BombeRLeWorld] INFO: Agent <qwm_agent> stayed within acceptable think time.
2026-09-21 19:22:22,129 [BombeRLeWorld] INFO: Agent <qwm_agent> drops bomb at (7, 4)
2026-09-21 19:22:22,209 [BombeRLeWorld] INFO: STARTING STEP 309
2026-09-21 19:22:22,228 [BombeRLeWorld] INFO: Agent <qwm_agent> chose action DOWN in 0.02s.
2026-09-21 19:22:22,228 [BombeRLeWorld] INFO: Agent <qwm_agent> stayed within acceptable think time.
2026-09-21 19:22:22,310 [BombeRLeWorld] INFO: STARTING STEP 310
2026-09-21 19:22:22,330 [BombeRLeWorld] INFO: Agent <qwm_agent> chose action LEFT in 0.02s.
2026-09-21 19:22:22,330 [BombeRLeWorld] INFO: Agent <qwm_agent> stayed within acceptable think time.
2026-09-21 19:22:22,410 [BombeRLeWorld] INFO: STARTING STEP 311
2026-09-21 19:22:22,432 [BombeRLeWorld] INFO: Agent <qwm_agent> chose action LEFT in 0.02s.
2026-09-21 19:22:22,432 [BombeRLeWorld] INFO: Agent <qwm_agent> stayed within acceptable think time.
2026-09-21 19:22:22,508 [BombeRLeWorld] INFO: STARTING STEP 312
2026-09-21 19:22:22,529 [BombeRLeWorld] INFO: Agent <qwm_agent> chose action DOWN in 0.02s.
2026-09-21 19:22:22,529 [BombeRLeWorld] INFO: Agent <qwm_agent> stayed within acceptable think time.
2026-09-21 19:22:22,529 [BombeRLeWorld] INFO: Agent <qwm_agent>'s bomb at (7, 4) explodes
2026-09-21 19:22:22,609 [BombeRLeWorld] INFO: STARTING STEP 313
2026-09-21 19:22:22,628 [BombeRLeWorld] INFO: Agent <qwm_agent> chose action DOWN in 0.02s.
2026-09-21 19:22:22,628 [BombeRLeWorld] INFO: Agent <qwm_agent> stayed within acceptable think time.
2026-09-21 19:22:22,708 [BombeRLeWorld] INFO: STARTING STEP 314
2026-09-21 19:22:22,727 [BombeRLeWorld] INFO: Agent <qwm_agent> chose action RIGHT in 0.02s.
2026-09-21 19:22:22,727 [BombeRLeWorld] INFO: Agent <qwm_agent> stayed within acceptable think time.
2026-09-21 19:22:22,810 [BombeRLeWorld] INFO: STARTING STEP 315
2026-09-21 19:22:22,831 [BombeRLeWorld] INFO: Agent <qwm_agent> chose action RIGHT in 0.02s.
2026-09-21 19:22:22,831 [BombeRLeWorld] INFO: Agent <qwm_agent> stayed within acceptable think time.
2026-09-21 19:22:22,910 [BombeRLeWorld] INFO: STARTING STEP 316
2026-09-21 19:22:22,931 [BombeRLeWorld] INFO: Agent <qwm_agent> chose action RIGHT in 0.02s.
2026-09-21 19:22:22,932 [BombeRLeWorld] INFO: Agent <qwm_agent> stayed within acceptable think time.
2026-09-21 19:22:23,010 [BombeRLeWorld] INFO: STARTING STEP 317
2026-09-21 19:22:23,032 [BombeRLeWorld] INFO: Agent <qwm_agent> chose action RIGHT in 0.02s.
2026-09-21 19:22:23,032 [BombeRLeWorld] INFO: Agent <qwm_agent> stayed within acceptable think time.
2026-09-21 19:22:23,110 [BombeRLeWorld] INFO: STARTING STEP 318
2026-09-21 19:22:23,131 [BombeRLeWorld] INFO: Agent <qwm_agent> chose action DOWN in 0.02s.
2026-09-21 19:22:23,131 [BombeRLeWorld] INFO: Agent <qwm_agent> stayed within acceptable think time.
2026-09-21 19:22:23,211 [BombeRLeWorld] INFO: STARTING STEP 319
2026-09-21 19:22:23,235 [BombeRLeWorld] INFO: Agent <qwm_agent> chose action DOWN in 0.02s.
2026-09-21 19:22:23,235 [BombeRLeWorld] INFO: Agent <qwm_agent> stayed within acceptable think time.
2026-09-21 19:22:23,311 [BombeRLeWorld] INFO: STARTING STEP 320
2026-09-21 19:22:23,332 [BombeRLeWorld] INFO: Agent <qwm_agent> chose action LEFT in 0.02s.
2026-09-21 19:22:23,332 [BombeRLeWorld] INFO: Agent <qwm_agent> stayed within acceptable think time.
2026-09-21 19:22:23,409 [BombeRLeWorld] INFO: STARTING STEP 321
2026-09-21 19:22:23,429 [BombeRLeWorld] INFO: Agent <qwm_agent> chose action LEFT in 0.02s.
2026-09-21 19:22:23,429 [BombeRLeWorld] INFO: Agent <qwm_agent> stayed within acceptable think time.
2026-09-21 19:22:23,509 [BombeRLeWorld] INFO: STARTING STEP 322
2026-09-21 19:22:23,529 [BombeRLeWorld] INFO: Agent <qwm_agent> chose action LEFT in 0.02s.
2026-09-21 19:22:23,529 [BombeRLeWorld] INFO: Agent <qwm_agent> stayed within acceptable think time.
2026-09-21 19:22:23,610 [BombeRLeWorld] INFO: STARTING STEP 323
2026-09-21 19:22:23,632 [BombeRLeWorld] INFO: Agent <qwm_agent> chose action LEFT in 0.02s.
2026-09-21 19:22:23,632 [BombeRLeWorld] INFO: Agent <qwm_agent> stayed within acceptable think time.
2026-09-21 19:22:23,711 [BombeRLeWorld] INFO: STARTING STEP 324
2026-09-21 19:22:23,732 [BombeRLeWorld] INFO: Agent <qwm_agent> chose action DOWN in 0.02s.
2026-09-21 19:22:23,732 [BombeRLeWorld] INFO: Agent <qwm_agent> stayed within acceptable think time.
2026-09-21 19:22:23,809 [BombeRLeWorld] INFO: STARTING STEP 325
2026-09-21 19:22:23,831 [BombeRLeWorld] INFO: Agent <qwm_agent> chose action DOWN in 0.02s.
2026-09-21 19:22:23,831 [BombeRLeWorld] INFO: Agent <qwm_agent> stayed within acceptable think time.
2026-09-21 19:22:23,909 [BombeRLeWorld] INFO: STARTING STEP 326
2026-09-21 19:22:23,929 [BombeRLeWorld] INFO: Agent <qwm_agent> chose action RIGHT in 0.02s.
2026-09-21 19:22:23,929 [BombeRLeWorld] INFO: Agent <qwm_agent> stayed within acceptable think time.
2026-09-21 19:22:24,010 [BombeRLeWorld] INFO: STARTING STEP 327
2026-09-21 19:22:24,030 [BombeRLeWorld] INFO: Agent <qwm_agent> chose action RIGHT in 0.02s.
2026-09-21 19:22:24,030 [BombeRLeWorld] INFO: Agent <qwm_agent> stayed within acceptable think time.
2026-09-21 19:22:24,110 [BombeRLeWorld] INFO: STARTING STEP 328
2026-09-21 19:22:24,129 [BombeRLeWorld] INFO: Agent <qwm_agent> chose action RIGHT in 0.02s.
2026-09-21 19:22:24,129 [BombeRLeWorld] INFO: Agent <qwm_agent> stayed within acceptable think time.
2026-09-21 19:22:24,211 [BombeRLeWorld] INFO: STARTING STEP 329
2026-09-21 19:22:24,236 [BombeRLeWorld] INFO: Agent <qwm_agent> chose action RIGHT in 0.03s.
2026-09-21 19:22:24,236 [BombeRLeWorld] INFO: Agent <qwm_agent> stayed within acceptable think time.
2026-09-21 19:22:24,310 [BombeRLeWorld] INFO: STARTING STEP 330
2026-09-21 19:22:24,335 [BombeRLeWorld] INFO: Agent <qwm_agent> chose action DOWN in 0.02s.
2026-09-21 19:22:24,335 [BombeRLeWorld] INFO: Agent <qwm_agent> stayed within acceptable think time.
2026-09-21 19:22:24,409 [BombeRLeWorld] INFO: STARTING STEP 331
2026-09-21 19:22:24,428 [BombeRLeWorld] INFO: Agent <qwm_agent> chose action DOWN in 0.02s.
2026-09-21 19:22:24,428 [BombeRLeWorld] INFO: Agent <qwm_agent> stayed within acceptable think time.
2026-09-21 19:22:24,511 [BombeRLeWorld] INFO: STARTING STEP 332
2026-09-21 19:22:24,534 [BombeRLeWorld] INFO: Agent <qwm_agent> chose action DOWN in 0.02s.
2026-09-21 19:22:24,534 [BombeRLeWorld] INFO: Agent <qwm_agent> stayed within acceptable think time.
2026-09-21 19:22:24,613 [BombeRLeWorld] INFO: STARTING STEP 333
2026-09-21 19:22:24,635 [BombeRLeWorld] INFO: Agent <qwm_agent> chose action DOWN in 0.02s.
2026-09-21 19:22:24,635 [BombeRLeWorld] INFO: Agent <qwm_agent> stayed within acceptable think time.
2026-09-21 19:22:24,711 [BombeRLeWorld] INFO: STARTING STEP 334
2026-09-21 19:22:24,730 [BombeRLeWorld] INFO: Agent <qwm_agent> chose action LEFT in 0.02s.
2026-09-21 19:22:24,730 [BombeRLeWorld] INFO: Agent <qwm_agent> stayed within acceptable think time.
2026-09-21 19:22:24,812 [BombeRLeWorld] INFO: STARTING STEP 335
2026-09-21 19:22:24,830 [BombeRLeWorld] INFO: Agent <qwm_agent> chose action LEFT in 0.02s.
2026-09-21 19:22:24,830 [BombeRLeWorld] INFO: Agent <qwm_agent> stayed within acceptable think time.
2026-09-21 19:22:24,912 [BombeRLeWorld] INFO: STARTING STEP 336
2026-09-21 19:22:24,930 [BombeRLeWorld] INFO: Agent <qwm_agent> chose action LEFT in 0.02s.
2026-09-21 19:22:24,930 [BombeRLeWorld] INFO: Agent <qwm_agent> stayed within acceptable think time.
2026-09-21 19:22:25,013 [BombeRLeWorld] INFO: STARTING STEP 337
2026-09-21 19:22:25,035 [BombeRLeWorld] INFO: Agent <qwm_agent> chose action LEFT in 0.02s.
2026-09-21 19:22:25,035 [BombeRLeWorld] INFO: Agent <qwm_agent> stayed within acceptable think time.
2026-09-21 19:22:25,111 [BombeRLeWorld] INFO: STARTING STEP 338
2026-09-21 19:22:25,134 [BombeRLeWorld] INFO: Agent <qwm_agent> chose action LEFT in 0.02s.
2026-09-21 19:22:25,135 [BombeRLeWorld] INFO: Agent <qwm_agent> stayed within acceptable think time.
2026-09-21 19:22:25,211 [BombeRLeWorld] INFO: STARTING STEP 339
2026-09-21 19:22:25,230 [BombeRLeWorld] INFO: Agent <qwm_agent> chose action LEFT in 0.02s.
2026-09-21 19:22:25,230 [BombeRLeWorld] INFO: Agent <qwm_agent> stayed within acceptable think time.
2026-09-21 19:22:25,310 [BombeRLeWorld] INFO: STARTING STEP 340
2026-09-21 19:22:25,330 [BombeRLeWorld] INFO: Agent <qwm_agent> chose action UP in 0.02s.
2026-09-21 19:22:25,330 [BombeRLeWorld] INFO: Agent <qwm_agent> stayed within acceptable think time.
2026-09-21 19:22:25,412 [BombeRLeWorld] INFO: STARTING STEP 341
2026-09-21 19:22:25,431 [BombeRLeWorld] INFO: Agent <qwm_agent> chose action UP in 0.02s.
2026-09-21 19:22:25,431 [BombeRLeWorld] INFO: Agent <qwm_agent> stayed within acceptable think time.
2026-09-21 19:22:25,512 [BombeRLeWorld] INFO: STARTING STEP 342
2026-09-21 19:22:25,532 [BombeRLeWorld] INFO: Agent <qwm_agent> chose action UP in 0.02s.
2026-09-21 19:22:25,532 [BombeRLeWorld] INFO: Agent <qwm_agent> stayed within acceptable think time.
2026-09-21 19:22:25,612 [BombeRLeWorld] INFO: STARTING STEP 343
2026-09-21 19:22:25,631 [BombeRLeWorld] INFO: Agent <qwm_agent> chose action UP in 0.02s.
2026-09-21 19:22:25,631 [BombeRLeWorld] INFO: Agent <qwm_agent> stayed within acceptable think time.
2026-09-21 19:22:25,711 [BombeRLeWorld] INFO: STARTING STEP 344
2026-09-21 19:22:25,731 [BombeRLeWorld] INFO: Agent <qwm_agent> chose action RIGHT in 0.02s.
2026-09-21 19:22:25,731 [BombeRLeWorld] INFO: Agent <qwm_agent> stayed within acceptable think time.
2026-09-21 19:22:25,812 [BombeRLeWorld] INFO: STARTING STEP 345
2026-09-21 19:22:25,834 [BombeRLeWorld] INFO: Agent <qwm_agent> chose action BOMB in 0.02s.
2026-09-21 19:22:25,834 [BombeRLeWorld] INFO: Agent <qwm_agent> stayed within acceptable think time.
2026-09-21 19:22:25,834 [BombeRLeWorld] INFO: Agent <qwm_agent> drops bomb at (4, 11)
2026-09-21 19:22:25,912 [BombeRLeWorld] INFO: STARTING STEP 346
2026-09-21 19:22:25,934 [BombeRLeWorld] INFO: Agent <qwm_agent> chose action RIGHT in 0.02s.
2026-09-21 19:22:25,934 [BombeRLeWorld] INFO: Agent <qwm_agent> stayed within acceptable think time.
2026-09-21 19:22:26,012 [BombeRLeWorld] INFO: STARTING STEP 347
2026-09-21 19:22:26,032 [BombeRLeWorld] INFO: Agent <qwm_agent> chose action UP in 0.02s.
2026-09-21 19:22:26,032 [BombeRLeWorld] INFO: Agent <qwm_agent> stayed within acceptable think time.
2026-09-21 19:22:26,112 [BombeRLeWorld] INFO: STARTING STEP 348
2026-09-21 19:22:26,132 [BombeRLeWorld] INFO: Agent <qwm_agent> chose action UP in 0.02s.
2026-09-21 19:22:26,132 [BombeRLeWorld] INFO: Agent <qwm_agent> stayed within acceptable think time.
2026-09-21 19:22:26,212 [BombeRLeWorld] INFO: STARTING STEP 349
2026-09-21 19:22:26,234 [BombeRLeWorld] INFO: Agent <qwm_agent> chose action LEFT in 0.02s.
2026-09-21 19:22:26,234 [BombeRLeWorld] INFO: Agent <qwm_agent> stayed within acceptable think time.
2026-09-21 19:22:26,234 [BombeRLeWorld] INFO: Agent <qwm_agent>'s bomb at (4, 11) explodes
2026-09-21 19:22:26,312 [BombeRLeWorld] INFO: STARTING STEP 350
2026-09-21 19:22:26,333 [BombeRLeWorld] INFO: Agent <qwm_agent> chose action LEFT in 0.02s.
2026-09-21 19:22:26,333 [BombeRLeWorld] INFO: Agent <qwm_agent> stayed within acceptable think time.
2026-09-21 19:22:26,415 [BombeRLeWorld] INFO: STARTING STEP 351
2026-09-21 19:22:26,437 [BombeRLeWorld] INFO: Agent <qwm_agent> chose action UP in 0.02s.
2026-09-21 19:22:26,437 [BombeRLeWorld] INFO: Agent <qwm_agent> stayed within acceptable think time.
2026-09-21 19:22:26,513 [BombeRLeWorld] INFO: STARTING STEP 352
2026-09-21 19:22:26,532 [BombeRLeWorld] INFO: Agent <qwm_agent> chose action BOMB in 0.02s.
2026-09-21 19:22:26,532 [BombeRLeWorld] INFO: Agent <qwm_agent> stayed within acceptable think time.
2026-09-21 19:22:26,532 [BombeRLeWorld] INFO: Agent <qwm_agent> drops bomb at (3, 8)
2026-09-21 19:22:26,611 [BombeRLeWorld] INFO: STARTING STEP 353
2026-09-21 19:22:26,630 [BombeRLeWorld] INFO: Agent <qwm_agent> chose action UP in 0.02s.
2026-09-21 19:22:26,631 [BombeRLeWorld] INFO: Agent <qwm_agent> stayed within acceptable think time.
2026-09-21 19:22:26,712 [BombeRLeWorld] INFO: STARTING STEP 354
2026-09-21 19:22:26,729 [BombeRLeWorld] INFO: Agent <qwm_agent> chose action RIGHT in 0.02s.
2026-09-21 19:22:26,730 [BombeRLeWorld] INFO: Agent <qwm_agent> stayed within acceptable think time.
2026-09-21 19:22:26,812 [BombeRLeWorld] INFO: STARTING STEP 355
2026-09-21 19:22:26,838 [BombeRLeWorld] INFO: Agent <qwm_agent> chose action RIGHT in 0.03s.
2026-09-21 19:22:26,838 [BombeRLeWorld] INFO: Agent <qwm_agent> stayed within acceptable think time.
2026-09-21 19:22:26,912 [BombeRLeWorld] INFO: STARTING STEP 356
2026-09-21 19:22:26,933 [BombeRLeWorld] INFO: Agent <qwm_agent> chose action RIGHT in 0.02s.
2026-09-21 19:22:26,933 [BombeRLeWorld] INFO: Agent <qwm_agent> stayed within acceptable think time.
2026-09-21 19:22:26,933 [BombeRLeWorld] INFO: Agent <qwm_agent>'s bomb at (3, 8) explodes
2026-09-21 19:22:27,012 [BombeRLeWorld] INFO: STARTING STEP 357
2026-09-21 19:22:27,032 [BombeRLeWorld] INFO: Agent <qwm_agent> chose action RIGHT in 0.02s.
2026-09-21 19:22:27,032 [BombeRLeWorld] INFO: Agent <qwm_agent> stayed within acceptable think time.
2026-09-21 19:22:27,112 [BombeRLeWorld] INFO: STARTING STEP 358
2026-09-21 19:22:27,134 [BombeRLeWorld] INFO: Agent <qwm_agent> chose action UP in 0.02s.
2026-09-21 19:22:27,134 [BombeRLeWorld] INFO: Agent <qwm_agent> stayed within acceptable think time.
2026-09-21 19:22:27,213 [BombeRLeWorld] INFO: STARTING STEP 359
2026-09-21 19:22:27,233 [BombeRLeWorld] INFO: Agent <qwm_agent> chose action BOMB in 0.02s.
2026-09-21 19:22:27,233 [BombeRLeWorld] INFO: Agent <qwm_agent> stayed within acceptable think time.
2026-09-21 19:22:27,233 [BombeRLeWorld] INFO: Agent <qwm_agent> drops bomb at (7, 6)
2026-09-21 19:22:27,313 [BombeRLeWorld] INFO: STARTING STEP 360
2026-09-21 19:22:27,335 [BombeRLeWorld] INFO: Agent <qwm_agent> chose action DOWN in 0.02s.
2026-09-21 19:22:27,335 [BombeRLeWorld] INFO: Agent <qwm_agent> stayed within acceptable think time.
2026-09-21 19:22:27,413 [BombeRLeWorld] INFO: STARTING STEP 361
2026-09-21 19:22:27,434 [BombeRLeWorld] INFO: Agent <qwm_agent> chose action LEFT in 0.02s.
2026-09-21 19:22:27,434 [BombeRLeWorld] INFO: Agent <qwm_agent> stayed within acceptable think time.
2026-09-21 19:22:27,513 [BombeRLeWorld] INFO: STARTING STEP 362
2026-09-21 19:22:27,535 [BombeRLeWorld] INFO: Agent <qwm_agent> chose action LEFT in 0.02s.
2026-09-21 19:22:27,535 [BombeRLeWorld] INFO: Agent <qwm_agent> stayed within acceptable think time.
2026-09-21 19:22:27,613 [BombeRLeWorld] INFO: STARTING STEP 363
2026-09-21 19:22:27,634 [BombeRLeWorld] INFO: Agent <qwm_agent> chose action UP in 0.02s.
2026-09-21 19:22:27,634 [BombeRLeWorld] INFO: Agent <qwm_agent> stayed within acceptable think time.
2026-09-21 19:22:27,634 [BombeRLeWorld] INFO: Agent <qwm_agent>'s bomb at (7, 6) explodes
2026-09-21 19:22:27,714 [BombeRLeWorld] INFO: STARTING STEP 364
2026-09-21 19:22:27,740 [BombeRLeWorld] INFO: Agent <qwm_agent> chose action UP in 0.03s.
2026-09-21 19:22:27,740 [BombeRLeWorld] INFO: Agent <qwm_agent> stayed within acceptable think time.
2026-09-21 19:22:27,812 [BombeRLeWorld] INFO: STARTING STEP 365
2026-09-21 19:22:27,834 [BombeRLeWorld] INFO: Agent <qwm_agent> chose action LEFT in 0.02s.
2026-09-21 19:22:27,834 [BombeRLeWorld] INFO: Agent <qwm_agent> stayed within acceptable think time.
2026-09-21 19:22:27,913 [BombeRLeWorld] INFO: STARTING STEP 366
2026-09-21 19:22:27,933 [BombeRLeWorld] INFO: Agent <qwm_agent> chose action LEFT in 0.02s.
2026-09-21 19:22:27,933 [BombeRLeWorld] INFO: Agent <qwm_agent> stayed within acceptable think time.
2026-09-21 19:22:28,014 [BombeRLeWorld] INFO: STARTING STEP 367
2026-09-21 19:22:28,041 [BombeRLeWorld] INFO: Agent <qwm_agent> chose action DOWN in 0.03s.
2026-09-21 19:22:28,041 [BombeRLeWorld] INFO: Agent <qwm_agent> stayed within acceptable think time.
2026-09-21 19:22:28,115 [BombeRLeWorld] INFO: STARTING STEP 368
2026-09-21 19:22:28,138 [BombeRLeWorld] INFO: Agent <qwm_agent> chose action BOMB in 0.02s.
2026-09-21 19:22:28,138 [BombeRLeWorld] INFO: Agent <qwm_agent> stayed within acceptable think time.
2026-09-21 19:22:28,138 [BombeRLeWorld] INFO: Agent <qwm_agent> drops bomb at (3, 6)
2026-09-21 19:22:28,216 [BombeRLeWorld] INFO: STARTING STEP 369
2026-09-21 19:22:28,243 [BombeRLeWorld] INFO: Agent <qwm_agent> chose action UP in 0.03s.
2026-09-21 19:22:28,243 [BombeRLeWorld] INFO: Agent <qwm_agent> stayed within acceptable think time.
2026-09-21 19:22:28,313 [BombeRLeWorld] INFO: STARTING STEP 370
2026-09-21 19:22:28,333 [BombeRLeWorld] INFO: Agent <qwm_agent> chose action LEFT in 0.02s.
2026-09-21 19:22:28,333 [BombeRLeWorld] INFO: Agent <qwm_agent> stayed within acceptable think time.
2026-09-21 19:22:28,413 [BombeRLeWorld] INFO: STARTING STEP 371
2026-09-21 19:22:28,431 [BombeRLeWorld] INFO: Agent <qwm_agent> chose action LEFT in 0.02s.
2026-09-21 19:22:28,431 [BombeRLeWorld] INFO: Agent <qwm_agent> stayed within acceptable think time.
2026-09-21 19:22:28,514 [BombeRLeWorld] INFO: STARTING STEP 372
2026-09-21 19:22:28,532 [BombeRLeWorld] INFO: Agent <qwm_agent> chose action DOWN in 0.02s.
2026-09-21 19:22:28,533 [BombeRLeWorld] INFO: Agent <qwm_agent> stayed within acceptable think time.
2026-09-21 19:22:28,533 [BombeRLeWorld] INFO: Agent <qwm_agent>'s bomb at (3, 6) explodes
2026-09-21 19:22:28,614 [BombeRLeWorld] INFO: STARTING STEP 373
2026-09-21 19:22:28,634 [BombeRLeWorld] INFO: Agent <qwm_agent> chose action DOWN in 0.02s.
2026-09-21 19:22:28,634 [BombeRLeWorld] INFO: Agent <qwm_agent> stayed within acceptable think time.
2026-09-21 19:22:28,714 [BombeRLeWorld] INFO: STARTING STEP 374
2026-09-21 19:22:28,735 [BombeRLeWorld] INFO: Agent <qwm_agent> chose action DOWN in 0.02s.
2026-09-21 19:22:28,735 [BombeRLeWorld] INFO: Agent <qwm_agent> stayed within acceptable think time.
2026-09-21 19:22:28,813 [BombeRLeWorld] INFO: STARTING STEP 375
2026-09-21 19:22:28,835 [BombeRLeWorld] INFO: Agent <qwm_agent> chose action DOWN in 0.02s.
2026-09-21 19:22:28,835 [BombeRLeWorld] INFO: Agent <qwm_agent> stayed within acceptable think time.
2026-09-21 19:22:28,915 [BombeRLeWorld] INFO: STARTING STEP 376
2026-09-21 19:22:28,942 [BombeRLeWorld] INFO: Agent <qwm_agent> chose action RIGHT in 0.03s.
2026-09-21 19:22:28,943 [BombeRLeWorld] INFO: Agent <qwm_agent> stayed within acceptable think time.
2026-09-21 19:22:29,014 [BombeRLeWorld] INFO: STARTING STEP 377
2026-09-21 19:22:29,036 [BombeRLeWorld] INFO: Agent <qwm_agent> chose action RIGHT in 0.02s.
2026-09-21 19:22:29,036 [BombeRLeWorld] INFO: Agent <qwm_agent> stayed within acceptable think time.
2026-09-21 19:22:29,113 [BombeRLeWorld] INFO: STARTING STEP 378
2026-09-21 19:22:29,135 [BombeRLeWorld] INFO: Agent <qwm_agent> chose action DOWN in 0.02s.
2026-09-21 19:22:29,135 [BombeRLeWorld] INFO: Agent <qwm_agent> stayed within acceptable think time.
2026-09-21 19:22:29,215 [BombeRLeWorld] INFO: STARTING STEP 379
2026-09-21 19:22:29,235 [BombeRLeWorld] INFO: Agent <qwm_agent> chose action DOWN in 0.02s.
2026-09-21 19:22:29,235 [BombeRLeWorld] INFO: Agent <qwm_agent> stayed within acceptable think time.
2026-09-21 19:22:29,315 [BombeRLeWorld] INFO: STARTING STEP 380
2026-09-21 19:22:29,335 [BombeRLeWorld] INFO: Agent <qwm_agent> chose action LEFT in 0.02s.
2026-09-21 19:22:29,335 [BombeRLeWorld] INFO: Agent <qwm_agent> stayed within acceptable think time.
2026-09-21 19:22:29,415 [BombeRLeWorld] INFO: STARTING STEP 381
2026-09-21 19:22:29,436 [BombeRLeWorld] INFO: Agent <qwm_agent> chose action LEFT in 0.02s.
2026-09-21 19:22:29,436 [BombeRLeWorld] INFO: Agent <qwm_agent> stayed within acceptable think time.
2026-09-21 19:22:29,515 [BombeRLeWorld] INFO: STARTING STEP 382
2026-09-21 19:22:29,534 [BombeRLeWorld] INFO: Agent <qwm_agent> chose action DOWN in 0.02s.
2026-09-21 19:22:29,534 [BombeRLeWorld] INFO: Agent <qwm_agent> stayed within acceptable think time.
2026-09-21 19:22:29,614 [BombeRLeWorld] INFO: STARTING STEP 383
2026-09-21 19:22:29,634 [BombeRLeWorld] INFO: Agent <qwm_agent> chose action DOWN in 0.02s.
2026-09-21 19:22:29,634 [BombeRLeWorld] INFO: Agent <qwm_agent> stayed within acceptable think time.
2026-09-21 19:22:29,714 [BombeRLeWorld] INFO: STARTING STEP 384
2026-09-21 19:22:29,733 [BombeRLeWorld] INFO: Agent <qwm_agent> chose action BOMB in 0.02s.
2026-09-21 19:22:29,733 [BombeRLeWorld] INFO: Agent <qwm_agent> stayed within acceptable think time.
2026-09-21 19:22:29,733 [BombeRLeWorld] INFO: Agent <qwm_agent> drops bomb at (1, 13)
2026-09-21 19:22:29,815 [BombeRLeWorld] INFO: STARTING STEP 385
2026-09-21 19:22:29,833 [BombeRLeWorld] INFO: Agent <qwm_agent> chose action UP in 0.02s.
2026-09-21 19:22:29,833 [BombeRLeWorld] INFO: Agent <qwm_agent> stayed within acceptable think time.
2026-09-21 19:22:29,916 [BombeRLeWorld] INFO: STARTING STEP 386
2026-09-21 19:22:29,933 [BombeRLeWorld] INFO: Agent <qwm_agent> chose action UP in 0.02s.
2026-09-21 19:22:29,933 [BombeRLeWorld] INFO: Agent <qwm_agent> stayed within acceptable think time.
2026-09-21 19:22:30,013 [BombeRLeWorld] INFO: STARTING STEP 387
2026-09-21 19:22:30,032 [BombeRLeWorld] INFO: Agent <qwm_agent> chose action RIGHT in 0.02s.
2026-09-21 19:22:30,032 [BombeRLeWorld] INFO: Agent <qwm_agent> stayed within acceptable think time.
2026-09-21 19:22:30,115 [BombeRLeWorld] INFO: STARTING STEP 388
2026-09-21 19:22:30,134 [BombeRLeWorld] INFO: Agent <qwm_agent> chose action RIGHT in 0.02s.
2026-09-21 19:22:30,134 [BombeRLeWorld] INFO: Agent <qwm_agent> stayed within acceptable think time.
2026-09-21 19:22:30,134 [BombeRLeWorld] INFO: Agent <qwm_agent>'s bomb at (1, 13) explodes
2026-09-21 19:22:30,216 [BombeRLeWorld] INFO: STARTING STEP 389
2026-09-21 19:22:30,238 [BombeRLeWorld] INFO: Agent <qwm_agent> chose action DOWN in 0.02s.
2026-09-21 19:22:30,238 [BombeRLeWorld] INFO: Agent <qwm_agent> stayed within acceptable think time.
2026-09-21 19:22:30,315 [BombeRLeWorld] INFO: STARTING STEP 390
2026-09-21 19:22:30,335 [BombeRLeWorld] INFO: Agent <qwm_agent> chose action DOWN in 0.02s.
2026-09-21 19:22:30,335 [BombeRLeWorld] INFO: Agent <qwm_agent> stayed within acceptable think time.
2026-09-21 19:22:30,415 [BombeRLeWorld] INFO: STARTING STEP 391
2026-09-21 19:22:30,437 [BombeRLeWorld] INFO: Agent <qwm_agent> chose action RIGHT in 0.02s.
2026-09-21 19:22:30,437 [BombeRLeWorld] INFO: Agent <qwm_agent> stayed within acceptable think time.
2026-09-21 19:22:30,516 [BombeRLeWorld] INFO: STARTING STEP 392
2026-09-21 19:22:30,536 [BombeRLeWorld] INFO: Agent <qwm_agent> chose action BOMB in 0.02s.
2026-09-21 19:22:30,536 [BombeRLeWorld] INFO: Agent <qwm_agent> stayed within acceptable think time.
2026-09-21 19:22:30,536 [BombeRLeWorld] INFO: Agent <qwm_agent> drops bomb at (4, 13)
2026-09-21 19:22:30,616 [BombeRLeWorld] INFO: STARTING STEP 393
2026-09-21 19:22:30,636 [BombeRLeWorld] INFO: Agent <qwm_agent> chose action RIGHT in 0.02s.
2026-09-21 19:22:30,636 [BombeRLeWorld] INFO: Agent <qwm_agent> stayed within acceptable think time.
2026-09-21 19:22:30,714 [BombeRLeWorld] INFO: STARTING STEP 394
2026-09-21 19:22:30,736 [BombeRLeWorld] INFO: Agent <qwm_agent> chose action UP in 0.02s.
2026-09-21 19:22:30,736 [BombeRLeWorld] INFO: Agent <qwm_agent> stayed within acceptable think time.
2026-09-21 19:22:30,816 [BombeRLeWorld] INFO: STARTING STEP 395
2026-09-21 19:22:30,834 [BombeRLeWorld] INFO: Agent <qwm_agent> chose action UP in 0.02s.
2026-09-21 19:22:30,834 [BombeRLeWorld] INFO: Agent <qwm_agent> stayed within acceptable think time.
2026-09-21 19:22:30,916 [BombeRLeWorld] INFO: STARTING STEP 396
2026-09-21 19:22:30,937 [BombeRLeWorld] INFO: Agent <qwm_agent> chose action UP in 0.02s.
2026-09-21 19:22:30,937 [BombeRLeWorld] INFO: Agent <qwm_agent> stayed within acceptable think time.
2026-09-21 19:22:30,937 [BombeRLeWorld] INFO: Agent <qwm_agent>'s bomb at (4, 13) explodes
2026-09-21 19:22:31,016 [BombeRLeWorld] INFO: STARTING STEP 397
2026-09-21 19:22:31,040 [BombeRLeWorld] INFO: Agent <qwm_agent> chose action UP in 0.02s.
2026-09-21 19:22:31,040 [BombeRLeWorld] INFO: Agent <qwm_agent> stayed within acceptable think time.
2026-09-21 19:22:31,116 [BombeRLeWorld] INFO: STARTING STEP 398
2026-09-21 19:22:31,138 [BombeRLeWorld] INFO: Agent <qwm_agent> chose action RIGHT in 0.02s.
2026-09-21 19:22:31,138 [BombeRLeWorld] INFO: Agent <qwm_agent> stayed within acceptable think time.
2026-09-21 19:22:31,216 [BombeRLeWorld] INFO: STARTING STEP 399
2026-09-21 19:22:31,237 [BombeRLeWorld] INFO: Agent <qwm_agent> chose action RIGHT in 0.02s.
2026-09-21 19:22:31,238 [BombeRLeWorld] INFO: Agent <qwm_agent> stayed within acceptable think time.
2026-09-21 19:22:31,316 [BombeRLeWorld] INFO: STARTING STEP 400
2026-09-21 19:22:31,340 [BombeRLeWorld] INFO: Agent <qwm_agent> chose action UP in 0.02s.
2026-09-21 19:22:31,340 [BombeRLeWorld] INFO: Agent <qwm_agent> stayed within acceptable think time.
2026-09-21 19:22:31,340 [BombeRLeWorld] INFO: Maximum number of steps reached, wrap up round
2026-09-21 19:22:31,340 [BombeRLeWorld] INFO: WRAPPING UP ROUND #1
